rank,name,role,goals,pens,assist,minutes,matches
1,James RODRIGUEZ,,6,1,2,399,5
2,Thomas MUELLER,,5,1,3,682,7
3,Neymar,,4,1,1,457,5
4,Lionel MESSI,,4,0,1,693,7
5,Robin VAN PERSIE,,4,1,0,548,6
6,Karim Benzema,,3,1,2,450,5
7,Andre SCHUERRLE,,3,0,1,244,6
8,Arjen ROBBEN,,3,0,1,690,7
9,Enner Valencia,,3,0,0,270,3
10,Xherdan SHAQIRI,,3,0,0,387,4
11,Toni KROOS,,2,0,4,690,7
12,Abdelmoumene DJABOU,,2,0,1,170,3
13,Memphis Depay,,2,0,1,173,4
14,Ivan Perišic,,2,0,1,258,3
15,Gervinho,,2,0,1,263,3
16,Asamoah Gyan,,2,0,1,270,3
17,Islam SLIMANI,,2,0,1,324,4
18,Alexis SANCHEZ,,2,0,1,390,4
19,Oscar,,2,0,1,640,7
20,DAVID LUIZ,,2,0,1,660,7
21,Tim CAHILL,,2,0,0,159,2
22,Wilfried BONY,,2,0,0,167,3
23,Luis SUAREZ,,2,0,0,178,2
24,Mario MANDZUKIC,,2,0,0,180,2
25,Jackson MARTINEZ,,2,0,0,194,3
26,Mario GOETZE,,2,0,0,258,6
27,André Ayew,,2,0,0,261,3
28,Miroslav KLOSE,,2,0,0,280,5
29,Ahmed MUSA,,2,0,0,335,4
30,Clint Dempsey,,2,0,0,387,4
31,Bryan RUIZ,,2,0,0,494,5
32,Mats HUMMELS,,2,0,0,509,6
33,Juan CUADRADO,,1,1,4,387,5
34,Eduardo VARGAS,,1,0,2,311,4
35,Sofiane FEGHOULI,,1,1,2,390,4
36,Kevin DE BRUYNE,,1,0,2,390,4
37,Daley Blind,,1,0,2,670,7
38,Klaas Jan HUNTELAAR,,1,1,1,52,3
39,LEE Keunho,,1,0,1,104,3
40,Olivier Giroud,,1,0,1,165,5
41,Yacine BRAHIMI,,1,0,1,190,3
42,Wayne Rooney,,1,0,1,194,3
43,Cristiano Ronaldo,,1,0,1,270,3
44,Keisuke HONDA,,1,0,1,270,3
45,Miralem PJANIC,,1,0,1,270,3
46,Oribe PERALTA,,1,0,1,302,4
47,Teofilo GUTIERREZ,,1,0,1,304,4
48,Mathieu Valbuena,,1,0,1,335,4
49,Paul Pogba,,1,0,1,354,5
50,Edinson CAVANI,,1,1,1,360,4
51,Rafael MARQUEZ,,1,0,1,360,4
52,Charles ARANGUIZ,,1,0,1,364,4
53,Sami KHEDIRA,,1,0,1,376,5
54,Georgios SAMARAS,,1,1,1,390,4
55,Joel CAMPBELL,,1,0,1,415,5
56,Thiago Silva,,1,0,1,570,6
57,Gonzalo HIGUAIN,,1,0,1,571,7
58,Wesley SNEIJDER,,1,0,1,585,6
59,Mesut OEZIL,,1,0,1,655,7
60,Julian GREEN,,1,0,0,13,1
61,Leroy FER,,1,0,0,15,1
62,Juan Mata,,1,0,0,34,1
63,John Brooks,,1,0,0,44,1
64,VARELA,,1,0,0,50,2
65,Blerim DZEMAILI,,1,0,0,54,3
66,David Villa,,1,0,0,56,1
67,Jean Beausejour,,1,0,0,66,2
68,Javier HERNANDEZ,,1,0,0,75,4
69,Avdija VRSAJEVIC,,1,0,0,90,1
70,Juan Quintero,,1,0,0,93,3
71,Jorge VALDIVIA,,1,0,0,93,3
72,Aleksandr Kerzhakov,,1,0,0,101,3
73,Marcos URENA,,1,0,0,102,4
74,Andreas SAMARIS,,1,0,0,136,2
75,Haris SEFEROVIC,,1,0,0,139,4
76,Vedad IBISEVIC,,1,0,0,144,3
77,Fernando Torres,,1,0,0,144,3
78,Romelu LUKAKU,,1,0,0,175,4
79,Joel Matip,,1,0,0,180,2
80,Xabi Alonso,,1,1,0,191,3
81,Mario BALOTELLI,,1,0,0,209,3
82,Moussa Sissoko,,1,0,0,214,4
83,Claudio MARCHISIO,,1,0,0,218,3
84,Carlo COSTLY,,1,0,0,220,3
85,Ivica Olic,,1,0,0,228,3
86,Divock ORIGI,,1,0,0,245,5
87,SON Heungmin,,1,0,0,247,3
88,Shinji OKAZAKI,,1,0,0,249,3
89,Daniel Sturridge,,1,0,0,260,3
90,Edin DZEKO,,1,0,0,264,3
91,Dries MERTENS,,1,0,0,269,5
92,Aleksandr Kokorin,,1,0,0,270,3
93,Reza Ghoochannejhad,,1,0,0,270,3
94,KOO Jacheol,,1,0,0,270,3
95,Mile JEDINAK,,1,1,0,270,3
96,Nani,,1,0,0,270,3
97,Peter ODEMWINGIE,,1,0,0,281,4
98,FERNANDINHO,,1,0,0,296,5
99,Giovani DOS SANTOS,,1,0,0,297,4
100,Granit XHAKA,,1,0,0,323,4
101,Andres GUARDADO,,1,0,0,333,4
102,Óscar Duarte,,1,0,0,336,4
103,Admir MEHMEDI,,1,0,0,337,4
104,Diego GODIN,,1,0,0,360,4
105,Rafik HALLICHE,,1,0,0,367,4
106,Sokratis PAPASTATHOPOULOS,,1,0,0,390,4
107,Jermaine JONES,,1,0,0,390,4
108,Marouane FELLAINI,,1,0,0,415,5
109,Pablo ARMERO,,1,0,0,416,5
110,Angel DI MARIA,,1,0,0,423,5
111,Blaise Matuidi,,1,0,0,427,5
112,Jan VERTONGHEN,,1,0,0,449,5
113,FRED,,1,0,0,471,6
114,Georginio Wijnaldum,,1,0,0,550,7
115,Marcos ROJO,,1,0,0,615,6
116,Stefan DE VRIJ,,1,0,0,677,7
1,Thomas MUELLER,MF,5,0,3,473,6
2,David VILLA,FW,5,0,1,634,7
3,Wesley SNEIJDER,MF,5,0,1,652,7
4,Diego FORLAN,FW,5,1,1,654,7
5,Gonzalo HIGUAIN,FW,4,0,0,341,4
6,Robert VITTEK,FW,4,1,0,353,4
7,Miroslav KLOSE,FW,4,0,0,357,5
8,Luis SUAREZ,FW,3,0,2,543,6
9,Landon DONOVAN,MF,3,1,0,390,4
10,LUIS FABIANO,FW,3,0,0,418,5
11,Asamoah GYAN,FW,3,2,0,501,5
12,Lukas PODOLSKI,FW,2,0,2,531,6
13,ELANO,MF,2,0,1,140,2
14,TIAGO,MF,2,0,1,298,4
15,ROBINHO,FW,2,0,1,354,4
16,Arjen ROBBEN,FW,2,0,1,387,5
17,Keisuke HONDA,MF,2,0,1,390,4
18,Brett HOLMAN,FW,2,0,0,137,3
19,Javier HERNANDEZ,FW,2,0,0,169,4
20,Kalu UCHE,MF,2,0,0,195,3
21,Samuel ETOO,FW,2,1,0,270,3
22,Carlos TEVEZ,FW,2,0,0,324,4
23,LEE Chungyong,MF,2,0,0,359,4
24,LEE Jung Soo,DF,2,0,0,360,4
25,Andres INIESTA,MF,2,0,0,557,6
26,Mesut OEZIL,MF,1,0,3,586,7
27,Dirk KUYT,FW,1,0,3,587,7
28,Robin VAN PERSIE,FW,1,0,2,599,7
29,LIEDSON,FW,1,0,1,121,3
30,Nicklas BENDTNER,FW,1,0,1,242,3
31,Valter BIRSA,MF,1,0,1,261,3
32,Siphiwe TSHABALALA,MF,1,0,1,270,3
33,Dennis ROMMEDAHL,FW,1,0,1,270,3
34,Yaya TOURE,MF,1,0,1,270,3
35,Shane SMELTZ,FW,1,0,1,270,3
36,Daniele DE ROSSI,MF,1,0,1,270,3
37,RAUL MEIRELES,MF,1,0,1,329,4
38,CRISTIANO RONALDO,FW,1,0,1,360,4
39,Rafael MARQUEZ,DF,1,0,1,360,4
40,Steven GERRARD,MF,1,0,1,360,4
41,MAICON,DF,1,0,1,450,5
42,Edinson CAVANI,FW,1,0,1,523,6
43,Martin PALERMO,FW,1,0,0,10,1
44,Kamil KOPUNEK,MF,1,0,0,22,2
45,Fabio QUAGLIARELLA,FW,1,0,0,45,1
46,Klaas Jan HUNTELAAR,FW,1,0,0,48,4
47,ROMARIC,MF,1,0,0,98,3
48,Shinji OKAZAKI,FW,1,0,0,105,4
49,Cuauhtemoc BLANCO,FW,1,1,0,112,3
50,Marko PANTELIC,FW,1,0,0,113,2
51,Dimitrios SALPINGIDIS,FW,1,0,0,121,2
52,Rodrigo MILLAR,MF,1,0,0,125,3
53,Sulley MUNTARI,MF,1,0,0,134,4
54,HUGO ALMEIDA,FW,1,0,0,135,2
55,Mark GONZALEZ,FW,1,0,0,138,4
56,Tim CAHILL,FW,1,0,0,146,2
57,Florent MALOUDA,MF,1,0,0,150,3
58,Antonio DI NATALE,FW,1,0,0,153,3
59,Marcell JANSEN,MF,1,0,0,154,4
60,Salomon KALOU,FW,1,0,0,160,3
61,Zlatan LJUBIJANKIC,FW,1,0,0,173,3
62,Jermain DEFOE,FW,1,0,0,173,3
63,Jon Dahl TOMASSON,FW,1,0,0,176,2
64,Matt UPSON,DF,1,0,0,180,2
65,Didier DROGBA,FW,1,0,0,204,3
66,CACAU,FW,1,0,0,205,4
67,Gelson FERNANDES,MF,1,0,0,212,3
68,SIMAO,FW,1,0,0,217,4
69,Vasileios TOROSIDIS,DF,1,0,0,235,3
70,Milan JOVANOVIC,MF,1,0,0,245,3
71,Yakubu AYEGBENI,FW,1,1,0,250,3
72,JI Yun Nam,DF,1,0,0,270,3
73,Robert KOREN,MF,1,0,0,270,3
74,Bongani KHUMALO,DF,1,0,0,270,3
75,Winston REID,DF,1,0,0,270,3
76,Katlego MPHELA,FW,1,0,0,270,3
77,Vincenzo IAQUINTA,FW,1,1,0,270,3
78,PARK Chuyoung,FW,1,0,0,347,4
79,Gabriel HEINZE,DF,1,0,0,360,4
80,Jean BEAUSEJOUR,FW,1,0,0,360,4
81,PARK Ji Sung,MF,1,0,0,360,4
82,Yasuhito ENDO,MF,1,0,0,389,4
83,Clint DEMPSEY,MF,1,0,0,390,4
84,Michael BRADLEY,MF,1,0,0,390,4
85,Antolin ALCARAZ,DF,1,0,0,390,4
86,Alvaro PEREIRA,MF,1,0,0,409,5
87,Enrique VERA,MF,1,0,0,414,5
88,Martin DEMICHELIS,DF,1,0,0,450,5
89,JUAN,DF,1,0,0,450,5
90,Kevin Prince BOATENG,FW,1,0,0,464,5
91,Cristian RIVEROS,MF,1,0,0,480,5
92,Sami KHEDIRA,MF,1,0,0,608,7
93,Arne FRIEDRICH,DF,1,0,0,630,7
94,Giovanni VAN BRONCKHORST,DF,1,0,0,645,7
95,Carles PUYOL,DF,1,0,0,654,7
96,Maximiliano PEREIRA,DF,1,0,0,660,7
1,Miroslav KLOSE,FW,5,0,1,587,7
2,Hernan CRESPO,FW,3,0,1,308,4
3,RONALDO,FW,3,0,1,411,5
4,Zinedine ZIDANE,MF,3,2,1,559,6
5,David VILLA,FW,3,2,0,244,4
6,Fernando TORRES,FW,3,1,0,290,4
7,Maxi RODRIGUEZ,MF,3,0,0,495,5
8,Lukas PODOLSKI,FW,3,0,0,636,7
9,Thierry HENRY,FW,3,0,0,636,7
10,Bastian SCHWEINSTEIGER,MF,2,0,3,529,7
11,Patrick VIEIRA,MF,2,0,2,587,7
12,Agustin DELGADO,FW,2,0,1,263,3
13,Andriy SHEVCHENKO,FW,2,1,1,474,5
14,Aruna DINDANE,FW,2,1,0,153,3
15,Bartosz BOSACKI,DF,2,0,0,180,2
16,Carlos TENORIO,FW,2,0,0,182,3
17,ADRIANO,FW,2,0,0,266,4
18,Tomas ROSICKY,MF,2,0,0,266,3
19,Paulo WANCHOPE,FW,2,0,0,270,3
20,Omar BRAVO,FW,2,0,0,270,3
21,Tim CAHILL,MF,2,0,0,273,4
22,Marco MATERAZZI,DF,2,0,0,363,4
23,Alexander FREI,FW,2,0,0,384,4
24,Steven GERRARD,MF,2,0,0,410,5
25,Luca TONI,FW,2,0,0,483,6
26,MANICHE,MF,2,0,0,565,7
27,Francesco TOTTI,MF,1,1,3,467,7
28,Andrea PIRLO,MF,1,0,3,668,7
29,John ALOISI,FW,1,0,2,72,4
30,Javier SAVIOLA,FW,1,0,2,218,3
31,Maksym KALINICHENKO,MF,1,0,2,330,4
32,David BECKHAM,MF,1,0,2,409,5
33,Lionel MESSI,FW,1,0,1,121,3
34,Marcus ALLBACK,FW,1,0,1,165,4
35,Ivan KAVIEDES,FW,1,0,1,178,4
36,ZINHA,MF,1,0,1,188,4
37,Zied JAZIRI,FW,1,0,1,225,3
38,Asamoah GYAN,FW,1,0,1,255,3
39,Ronald GOMEZ,FW,1,0,1,262,3
40,Arjen ROBBEN,FW,1,0,1,270,3
41,Carlos TEVEZ,FW,1,0,1,286,4
42,Alberto GILARDINO,FW,1,0,1,306,5
43,Robin VAN PERSIE,FW,1,0,1,337,4
44,Stephen APPIAH,MF,1,1,1,360,4
45,Joe COLE,MF,1,0,1,390,5
46,Tranquillo BARNETTA,MF,1,0,1,390,4
47,SIMAO,FW,1,1,1,407,7
48,KAKA,MF,1,0,1,413,5
49,PAULETA,FW,1,0,1,434,6
50,Franck RIBERY,MF,1,0,1,516,7
51,Gianluca ZAMBROTTA,DF,1,0,1,600,6
53,FRED,FW,1,0,0,2,1
54,Filippo INZAGHI,FW,1,0,0,30,1
55,ABOU TARIKA,FW,1,0,0,39,1
56,NUNO GOMES,FW,1,0,0,42,2
57,Jan KOLLER,FW,1,0,0,45,1
58,Nelson CUEVAS,FW,1,0,0,46,2
59,Bonaventure KALOU,FW,1,1,0,72,2
60,AHN Jung Hwan,FW,1,0,0,89,3
61,Sami AL JABER,FW,1,0,0,89,3
62,GILBERTO MELO,DF,1,0,0,90,1
63,JUANITO,DF,1,0,0,90,1
64,Sohrab BAKHTIARIZADEH,DF,1,0,0,92,2
65,Nikola ZIGIC,FW,1,0,0,111,2
66,Keiji TAMADA,FW,1,0,0,119,2
67,Bakary KONE,FW,1,0,0,120,3
68,Oliver NEUVILLE,FW,1,0,0,138,7
69,Clint DEMPSEY,MF,1,0,0,152,2
70,Alessandro DEL PIERO,FW,1,0,0,169,5
71,Haminu DRAMAN,MF,1,0,0,170,2
72,Yasser AL KAHTANI,FW,1,0,0,172,2
73,Yahya GOLMOHAMMADI,DF,1,0,0,178,2
74,Serhiy REBROV,MF,1,0,0,178,4
75,RAUL,FW,1,0,0,179,4
76,Didier DROGBA,FW,1,0,0,180,2
77,JUNINHO PERNAMBUCANO,MF,1,0,0,182,3
78,Vincenzo IAQUINTA,FW,1,0,0,187,5
79,Ruud VAN NISTELROOIJ,FW,1,0,0,198,3
80,Harry KEWELL,FW,1,0,0,214,3
81,Niko KOVAC,MF,1,0,0,221,3
82,Philippe SENDEROS,DF,1,0,0,233,3
83,Xabi ALONSO,MF,1,0,0,235,3
84,LEE Chun Soo,FW,1,0,0,252,3
85,Jose FONSECA,FW,1,0,0,264,4
86,Darijo SRNA,MF,1,0,0,267,3
87,Jaouhar MNARI,MF,1,0,0,270,3
88,Sulley MUNTARI,MF,1,0,0,270,3
89,Shunsuke NAKAMURA,MF,1,0,0,270,3
90,PARK Ji Sung,MF,1,0,0,270,3
91,Radhi JAIDI,DF,1,0,0,270,3
92,MOHAMED KADER,FW,1,0,0,270,3
93,Craig MOORE,DF,1,1,0,310,4
94,Andriy RUSOL,DF,1,0,0,314,4
95,Peter CROUCH,FW,1,0,0,321,4
96,DECO,MF,1,0,0,338,4
97,Henrik LARSSON,FW,1,0,0,360,4
98,Fredrik LJUNGBERG,MF,1,0,0,360,4
99,Esteban CAMBIASSO,MF,1,0,0,377,5
100,ZE ROBERTO,MF,1,0,0,379,5
101,Rafael MARQUEZ,DF,1,0,0,390,4
102,Roberto AYALA,DF,1,0,0,510,5
103,CRISTIANO RONALDO,FW,1,1,0,514,6
104,Torsten FRINGS,MF,1,0,0,541,6
105,Fabio GROSSO,DF,1,0,0,600,6
106,Philipp LAHM,DF,1,0,0,690,7
1,RONALDO,FW,8,0,0,553,7
2,Miroslav KLOSE,FW,5,0,1,567,7
3,RIVALDO,MF,5,1,1,612,7
4,Jon Dahl TOMASSON,FW,4,1,0,360,4
5,Christian VIERI,FW,4,0,0,390,4
6,Michael BALLACK,MF,3,0,4,540,6
7,Ilhan MANSIZ,FW,3,0,1,230,7
8,PAULETA,FW,3,0,0,249,3
9,Fernando MORIENTES,FW,3,0,0,338,5
10,RAUL,FW,3,0,0,342,4
11,Marc WILMOTS,FW,3,0,0,360,4
12,Henrik LARSSON,FW,3,1,0,388,4
13,Robbie KEANE,FW,3,1,0,390,4
14,Bouba DIOP,MF,3,0,0,510,5
15,RONALDINHO,MF,2,1,3,336,5
16,Henri CAMARA,FW,2,0,2,351,4
17,Hasan SAS,FW,2,0,2,565,6
18,Ronald GOMEZ,FW,2,0,1,270,3
19,Umit DAVALA,MF,2,0,1,548,7
20,Nelson CUEVAS,FW,2,0,0,29,2
21,Junichi INAMOTO,MF,2,0,0,267,4
22,Jared BORGETTI,FW,2,0,0,315,4
23,Michael OWEN,FW,2,0,0,372,5
24,Brian McBRIDE,FW,2,0,0,375,5
25,Fernando HIERRO,DF,2,2,0,420,4
26,Landon DONOVAN,MF,2,0,0,435,5
27,AHN Jung Hwan,MF,2,0,0,529,7
28,David BECKHAM,MF,1,1,3,423,5
29,Bernd SCHNEIDER,MF,1,0,3,594,7
30,JUNIOR,DF,1,0,2,90,1
31,Dmitri SYCHEV,FW,1,0,2,137,3
32,LEE Eul Yong,MF,1,0,2,333,4
33,Siyabonga NOMVETHE,FW,1,0,1,145,2
34,Milenko ACIMOVIC,MF,1,0,1,149,3
35,Clint MATHIS,FW,1,0,1,204,3
36,Quinton FORTUNE,MF,1,1,1,257,3
37,Samuel ETOO,FW,1,0,1,270,3
38,Johan WALEM,MF,1,0,1,270,3
39,Mauricio WRIGHT,DF,1,0,1,270,3
40,Agustin DELGADO,FW,1,0,1,270,3
41,Anders SVENSSON,MF,1,0,1,305,4
42,Cuauhtemoc BLANCO,FW,1,1,1,348,4
43,Francisco ARCE,DF,1,0,1,360,4
44,Khalilou FADIGA,MF,1,1,1,390,4
45,Matt HOLLAND,MF,1,0,1,390,4
46,John O BRIEN,MF,1,0,1,450,5
47,EDMILSON,DF,1,0,1,540,6
48,Hakan SUKUR,FW,1,0,1,592,7
49,Winston PARKS,FW,1,0,0,29,2
50,Diego FORLAN,FW,1,0,0,45,1
51,Richard MORALES,FW,1,0,0,47,2
52,Hiroaki MORISHIMA,MF,1,0,0,70,3
53,Hernan CRESPO,FW,1,0,0,71,3
54,Oliver BIERHOFF,FW,1,0,0,76,5
55,Marcin ZEWLAKOW,FW,1,0,0,85,3
56,Alessandro DEL PIERO,FW,1,0,0,89,3
57,Wesley SONCK,FW,1,0,0,106,4
58,RUI COSTA,MF,1,0,0,110,2
59,Ivica OLIC,FW,1,0,0,123,2
60,Sebastijan CIMIROTIC,FW,1,0,0,164,3
61,Vladimir BESCHASTNYKH,FW,1,0,0,178,3
62,Peter VAN DER HEYDEN,DF,1,0,0,180,2
63,BETO,DF,1,0,0,183,3
64,Carsten JANCKER,FW,1,0,0,186,3
65,Gaizka MENDIETA,MF,1,0,0,194,3
66,Jorge CAMPOS,FW,1,0,0,197,4
67,Gabriel BATISTUTA,FW,1,0,0,199,3
68,Milan RAPAIC,MF,1,0,0,215,3
69,Pawel KRYSZALOWICZ,FW,1,0,0,224,3
70,Patrick MBOMA,FW,1,0,0,233,3
71,HWANG Sun Hong,FW,1,0,0,247,5
72,Benni McCARTHY,FW,1,0,0,248,3
73,Dario RODRIGUEZ,DF,1,0,0,249,3
74,Raouf BOUZAIENE,DF,1,0,0,258,3
75,Lucas RADEBE,DF,1,0,0,260,3
76,Paulo WANCHOPE,FW,1,0,0,260,3
77,Alvaro RECOBA,FW,1,1,0,260,3
78,Valeri KARPIN,MF,1,1,0,262,3
79,Emmanuel OLISADEBE,FW,1,0,0,266,3
80,Teboho MOKOENA,MF,1,0,0,270,3
81,Julius AGHAHOWA,FW,1,0,0,270,3
82,Egor TITOV,MF,1,0,0,270,3
83,Edison MENDEZ,MF,1,0,0,270,3
84,Salif DIAO,MF,1,0,0,290,3
85,Takayuki SUZUKI,FW,1,0,0,296,4
86,Roque SANTA CRUZ,FW,1,0,0,299,4
87,Marco BODE,FW,1,0,0,331,6
88,Niclas ALEXANDERSSON,MF,1,0,0,346,4
89,Gerardo TORRADO,MF,1,0,0,348,4
90,Hidetoshi NAKATA,MF,1,0,0,354,4
91,Dennis ROMMEDAHL,FW,1,0,0,359,4
92,Emile HESKEY,FW,1,0,0,372,5
93,Juan Carlos VALERON,MF,1,0,0,375,4
94,Oliver NEUVILLE,FW,1,0,0,377,6
95,Damien DUFF,FW,1,0,0,390,4
96,Gary BREEN,DF,1,0,0,390,4
97,Sol CAMPBELL,DF,1,0,0,450,5
98,Rio FERDINAND,DF,1,0,0,450,5
99,Emre BELOZOGLU,MF,1,0,0,464,6
100,ROBERTO CARLOS,DF,1,0,0,540,6
101,Bulent KORKMAZ,DF,1,0,0,546,6
102,YOO Sang Chul,MF,1,0,0,580,7
103,SEOL Ki Hyeon,FW,1,0,0,598,7
104,Thomas LINKE,DF,1,0,0,630,7
105,PARK Ji Sung,MF,1,0,0,638,7
106,SONG Chong Gug,MF,1,0,0,690,7
1,Davor SUKER,FW,6,1,0,630,7
2,Gabriel BATISTUTA,FW,5,2,0,428,5
3,Christian VIERI,FW,5,0,0,431,5
4,Luis HERNANDEZ,FW,4,0,0,360,4
5,Marcelo SALAS,FW,4,0,0,360,4
6,RONALDO,FW,4,1,0,660,7
7,Thierry HENRY,FW,3,0,0,367,6
8,Juergen KLINSMANN,FW,3,0,0,450,5
9,Oliver BIERHOFF,FW,3,0,0,450,5
10,BEBETO,FW,3,0,0,523,7
11,CESAR SAMPAIO,MF,3,0,0,531,6
12,Dennis BERGKAMP,FW,3,0,0,538,7
13,RIVALDO,MF,3,0,0,654,7
14,Ricardo PELAEZ,FW,2,0,0,84,3
15,Fernando MORIENTES,FW,2,0,0,128,2
16,Shaun BARTLETT,FW,2,1,0,168,3
17,Roberto BAGGIO,FW,2,1,0,226,4
18,Michael OWEN,FW,2,0,0,233,4
19,Theodore WHITMORE,MF,2,0,0,253,3
20,Abdeljalil HADDA,FW,2,0,0,264,3
21,Salaheddine BASSIR,FW,2,0,0,270,3
22,Slobodan KOMLJENOVIC,DF,2,0,0,270,3
23,Fernando HIERRO,DF,2,1,0,270,3
24,Marc WILMOTS,MF,2,0,0,270,3
25,Viorel MOLDOVAN,FW,2,0,0,288,4
26,Robert PROSINECKI,MF,2,0,0,304,5
27,Patrick KLUIVERT,FW,2,0,0,382,4
28,Alan SHEARER,FW,2,1,0,390,4
29,Brian LAUDRUP,FW,2,0,0,416,5
30,Ariel ORTEGA,FW,2,0,0,439,5
31,Zinedine ZIDANE,MF,2,0,0,461,5
32,Emmanuel PETIT,MF,2,0,0,506,6
33,Ronald DE BOER,MF,2,0,0,528,6
34,Lilian THURAM,DF,2,0,0,600,6
35,Phillip COCU,MF,2,0,0,616,7
36,Wilson ORUMA,MF,1,0,0,68,1
37,Leider PRECIADO,FW,1,0,0,85,3
38,Youssef AL TUNAYAN,FW,1,1,0,87,2
39,Pierre VAN HOOIJDONK,FW,1,0,0,90,3
40,Robert EARLE,MF,1,0,0,108,3
41,Ivica VASTIC,FW,1,0,0,115,3
42,Christophe DUGARRY,FW,1,0,0,118,3
43,Tijani BABANGIDA,FW,1,0,0,120,4
44,HA Seok Ju,MF,1,0,0,120,2
45,Mauricio PINEDA,DF,1,0,0,122,3
46,Peter MOLLER,FW,1,0,0,124,2
47,Andreas HERZOG,MF,1,1,0,137,3
48,KIKO,FW,1,0,0,140,3
49,Jose SIERRA,MF,1,0,0,158,4
50,Andreas MOELLER,MF,1,0,0,179,3
51,Brian McBRIDE,FW,1,0,0,180,2
52,David BECKHAM,MF,1,0,0,195,3
53,RAUL,FW,1,0,0,195,3
54,Boudewijn ZENDEN,MF,1,0,0,196,4
55,Emil KOSTADINOV,FW,1,0,0,202,3
56,Masashi NAKAYAMA,FW,1,0,0,216,3
57,Skander SOUAYEH,MF,1,1,0,224,3
58,Benni McCARTHY,FW,1,0,0,224,3
59,Craig BURLEY,MF,1,0,0,233,3
60,Ebbe SAND,FW,1,0,0,240,5
61,Toni POLSTER,FW,1,0,0,242,3
62,Patrick MBOMA,FW,1,0,0,246,3
63,Victor IKPEBA,FW,1,0,0,248,3
64,LUIS ENRIQUE,MF,1,0,0,249,3
65,Luc NILIS,FW,1,0,0,257,3
66,Sami AL JABER,FW,1,1,0,264,3
67,Mutiu ADEPOJU,MF,1,0,0,270,3
68,Hamid ESTILI,MF,1,0,0,270,3
69,Mustafa EL HADJI,MF,1,0,0,270,3
70,Mehdi MAHDAVIKIA,MF,1,0,0,270,3
71,John COLLINS,MF,1,1,0,270,3
72,Pierre NJANKA,DF,1,0,0,270,3
73,YOO Sang Chul,DF,1,0,0,270,3
74,Havard FLO,FW,1,0,0,273,4
75,Jose CARDOZO,FW,1,0,0,280,3
76,Dragan STOJKOVIC,MF,1,0,0,298,4
77,Predrag MIJATOVIC,FW,1,0,0,300,4
78,Alberto GARCIA ASPE,MF,1,1,0,313,4
79,Sunday OLISEH,MF,1,0,0,315,4
80,Adrian ILIE,FW,1,0,0,315,4
81,Paul SCHOLES,MF,1,0,0,331,4
82,Claudio LOPEZ,FW,1,0,0,332,5
83,Allan NIELSEN,MF,1,0,0,340,5
84,Dan PETRESCU,DF,1,0,0,345,4
85,David TREZEGUET,FW,1,0,0,348,6
86,Sinisa MIHAJLOVIC,DF,1,0,0,348,4
87,Darren ANDERTON,MF,1,0,0,356,4
88,Tore Andre FLO,FW,1,0,0,360,4
89,Cuauhtemoc BLANCO,FW,1,0,0,360,4
90,Kjetil REKDAL,MF,1,1,0,360,4
91,Dan EGGEN,DF,1,0,0,360,4
92,Goran VLAOVIC,FW,1,0,0,365,7
93,Miguel BENITEZ,FW,1,0,0,367,4
94,Celso AYALA,DF,1,0,0,390,4
95,Martin JORGENSEN,MF,1,0,0,397,5
96,Michael LAUDRUP,MF,1,1,0,410,5
97,Luigi DI BIAGIO,MF,1,0,0,423,5
98,Marc OVERMARS,FW,1,0,0,430,6
99,Thomas HELVEG,DF,1,0,0,447,5
100,Marc RIEPER,DF,1,0,0,450,5
101,Javier ZANETTI,DF,1,0,0,457,5
102,Laurent BLANC,DF,1,0,0,496,5
103,Edgar DAVIDS,MF,1,0,0,570,6
104,Youri DJORKAEFF,MF,1,1,0,597,7
105,Bixente LIZARAZU,DF,1,0,0,600,6
106,Mario STANIC,MF,1,0,0,619,7
107,Robert JARNI,MF,1,0,0,630,7
1,Oleg SALENKO,FW,6,2,0,215,3
2,Hristo STOICHKOV,FW,6,3,0,642,7
3,Juergen KLINSMANN,FW,5,0,0,445,5
4,Kennet ANDERSSON,FW,5,0,0,578,7
5,Roberto BAGGIO,FW,5,1,0,621,7
6,ROMÁRIO (Romário de Souza Faria),FW,5,0,0,660,7
7,Gabriel BATISTUTA,FW,4,2,0,360,4
8,Florin RADUCIOIU,FW,4,0,0,383,4
9,Martin DAHLIN,FW,4,0,0,444,5
10,Jose Luis CAMINERO,MF,3,0,0,315,4
11,Dennis BERGKAMP,FW,3,0,0,450,5
12,Gheorghe HAGI,MF,3,0,0,475,5
13,BEBETO,FW,3,0,0,660,7
14,Tomas BROLIN,FW,3,1,0,660,7
15,Adolfo VALENCIA,FW,2,0,0,153,2
16,Claudio CANIGGIA,FW,2,0,0,206,3
17,Rudi VOELLER,FW,2,0,0,208,3
18,Adrian KNUP,FW,2,0,0,261,3
19,HONG Myungbo,DF,2,0,0,270,3
20,Fuad AMIN,MF,2,0,0,270,3
21,Philippe ALBERT,DF,2,0,0,270,3
22,Daniel AMOKACHI,FW,2,0,0,305,4
23,Luis GARCIA,FW,2,0,0,320,4
24,Emmanuel AMUNIKE,MF,2,0,0,327,4
25,GOIKOETXEA,MF,2,0,0,395,5
26,Ilie DUMITRESCU,FW,2,0,0,436,5
27,Wim JONK,MF,2,0,0,450,5
28,Dino BAGGIO,MF,2,0,0,560,7
29,Iordan LETCHKOV,MF,2,0,0,616,7
30,Harold LOZANO,MF,1,0,0,12,1
31,Txiki BEGUIRISTAIN,FW,1,1,0,29,1
32,Fahad AL GHESHEYAN,FW,1,0,0,47,2
33,Roger MILLA,FW,1,0,0,71,2
34,John ALDRIDGE,FW,1,0,0,87,3
35,Hassan NADER,FW,1,0,0,90,1
36,Kjetil REKDAL,MF,1,0,0,111,3
37,Gaston TAUMENT,FW,1,0,0,131,3
38,SEO Jung Won,FW,1,0,0,141,3
39,Pep GUARDIOLA,MF,1,1,0,145,2
40,Karlheinz RIEDLE,FW,1,0,0,150,2
41,Herman GAVIRIA,MF,1,0,0,168,2
42,Sami AL JABER,FW,1,1,0,169,2
43,Mohammed CHAOUCH,FW,1,0,0,172,2
44,Diego MARADONA,MF,1,0,0,173,2
45,Henrik LARSSON,FW,1,0,0,191,5
46,Dmitri RADCHENKO,FW,1,0,0,193,3
47,David EMBE,FW,1,0,0,193,3
48,Eric WYNALDA,FW,1,0,0,194,4
49,Marc DE GRIJSE,FW,1,0,0,203,3
50,Daniel BORIMIROV,MF,1,0,0,214,4
51,Samson SIASIA,FW,1,0,0,215,3
52,Alain SUTTER,MF,1,0,0,242,3
53,Bryan ROY,FW,1,0,0,250,5
54,Earnie STEWART,FW,1,0,0,261,4
55,Aron WINTER,MF,1,0,0,270,3
56,Erwin SANCHEZ,MF,1,0,0,270,3
57,HWANG Sun Hong,FW,1,0,0,270,3
58,Francois OMAM-BIYIK,FW,1,0,0,270,3
59,Georges GRUN,DF,1,0,0,270,3
60,JULIO SALINAS,FW,1,0,0,273,4
61,BRANCO,DF,1,0,0,300,3
62,Alberto GARCIA ASPE,MF,1,1,0,300,3
63,RAI,MF,1,1,0,309,5
64,Said AL OWAIRAN,FW,1,0,0,312,4
65,Marcelino BERNAL,MF,1,0,0,319,4
66,Fernando HIERRO,DF,1,0,0,327,5
67,Abel BALBO,FW,1,0,0,330,4
68,Hakan MILD,MF,1,0,0,335,5
69,Ray HOUGHTON,MF,1,0,0,338,4
70,Stephane CHAPUISAT,FW,1,0,0,360,4
71,LUIS ENRIQUE,MF,1,0,0,360,4
72,Georges BREGY,MF,1,0,0,360,4
73,Rasheed YEKINI,FW,1,0,0,368,4
74,Finidi GEORGE,FW,1,0,0,370,4
75,Lothar MATTHAEUS,MF,1,1,0,379,5
76,Daniele MASSARO,FW,1,0,0,442,6
77,Dan PETRESCU,DF,1,0,0,480,5
78,Nasko SIRAKOV,FW,1,0,0,540,7
79,Roger LJUNG,DF,1,0,0,570,6
80,MARCIO SANTOS,DF,1,0,0,660,7
1,Salvatore SCHILLACI,FW,6,1,0,534,7
2,Tomas SKUHRAVY,FW,5,0,0,450,5
3,Roger MILLA,FW,4,0,0,162,4
4,MICHEL,MF,4,1,0,390,4
5,Lothar MATTHAEUS,MF,4,1,0,660,7
6,Gary LINEKER,FW,4,2,0,713,7
7,David PLATT,MF,3,0,0,408,6
8,Rudi VOELLER,FW,3,0,0,420,6
9,Andreas BREHME,DF,3,1,0,570,6
10,Juergen KLINSMANN,FW,3,0,0,629,7
11,Darko PANCEV,FW,2,0,0,182,3
12,Bernardo REDIN,MF,2,0,0,209,3
13,Gavril BALINT,FW,2,0,0,229,4
14,Marius LACATUS,FW,2,1,0,267,3
15,MULLER,FW,2,0,0,295,4
16,CARECA,FW,2,0,0,353,4
17,Roberto BAGGIO,FW,2,0,0,376,5
18,Michal BILEK,DF,2,2,0,427,5
19,Davor JOZIC,DF,2,0,0,510,5
20,Dragan STOJKOVIC,MF,2,0,0,510,5
21,Claudio CANIGGIA,FW,2,0,0,555,6
22,Eugene EKEKE,FW,1,0,0,0,0
23,Milan LUHOVY,FW,1,0,0,14,1
24,Pablo BENGOECHEA,MF,1,0,0,34,1
25,Hernan MEDFORD,FW,1,0,0,79,3
26,Aldo SERENA,FW,1,0,0,108,3
27,Glenn STROMBERG,MF,1,0,0,116,3
28,Daniel FONSECA,FW,1,0,0,118,2
29,Johnny EKSTROM,FW,1,0,0,118,2
30,Patrick VERVOORT,DF,1,0,0,120,3
31,Wim KIEFT,FW,1,0,0,163,4
32,Robert PROSINECKI,MF,1,0,0,167,3
33,HWANG Bo Kwan,MF,1,0,0,169,2
34,KHALID ISMAIL,MF,1,0,0,172,2
35,Gerhard RODAX,FW,1,0,0,174,2
36,Andrei ZYGMANTOVICH,DF,1,0,0,180,2
37,Tomas BROLIN,FW,1,0,0,214,3
38,Aleksandr ZAVAROV,MF,1,0,0,215,3
39,Ali Thani JUMAA,MF,1,0,0,225,3
40,Andeas OGRIS,FW,1,0,0,225,3
41,Uwe BEIN,MF,1,0,0,247,4
42,Bruce MURRAY,FW,1,0,0,249,3
43,Paul CALIGIURI,DF,1,0,0,250,3
44,Igor DOBROVOLSKYI,FW,1,0,0,251,3
45,Leo CLIJSTERS,DF,1,0,0,255,3
46,Oleg PROTASOV,FW,1,0,0,255,3
47,Niall QUINN,FW,1,0,0,269,4
48,Magdy ABDELGHANY,MF,1,1,0,270,3
49,Mo JOHNSTON,FW,1,1,0,270,3
50,Stuart McCALL,MF,1,0,0,270,3
51,Pedro MONZON,DF,1,0,0,278,4
52,JULIO SALINAS,FW,1,0,0,298,3
53,Alberto GORRIZ,DF,1,0,0,311,4
54,Emmanuel KUNDE,DF,1,1,0,313,4
55,Pierre LITTBARSKI,MF,1,0,0,330,5
56,Marc DE GRIJSE,FW,1,0,0,334,4
57,Jan CEULEMANS,FW,1,0,0,345,4
58,Juan CAYASSO,FW,1,0,0,348,4
59,Lubos KUBIK,MF,1,0,0,350,4
60,Ronald KOEMAN,DF,1,1,0,360,4
61,Roger FLORES,DF,1,0,0,360,4
62,Ruud GULLIT,MF,1,0,0,360,4
63,Ronald GONZALEZ,DF,1,0,0,360,4
64,Freddy RINCON,FW,1,0,0,368,4
65,Michel DE WOLF,DF,1,0,0,390,4
66,Enzo SCIFO,MF,1,0,0,390,4
67,Carlos VALDERRAMA,MF,1,0,0,390,4
68,Safet SUSIC,MF,1,0,0,416,5
69,Pedro TROGLIO,MF,1,0,0,438,6
70,Ivan HASEK,MF,1,0,0,450,5
71,Kevin SHEEDY,MF,1,0,0,452,5
72,Francois OMAM-BIYIK,FW,1,0,0,510,5
73,Giuseppe GIANNINI,MF,1,0,0,585,7
74,Mark WRIGHT,DF,1,0,0,612,6
75,Jorge BURRUCHAGA,MF,1,0,0,623,7
1,Gary LINEKER,FW,6,0,0,446,5
2,Emilio BUTRAGUENO,FW,5,1,0,435,5
3,CARECA,FW,5,1,0,480,5
4,Diego MARADONA,MF,5,0,0,630,7
5,Igor BELANOV,FW,4,2,0,312,4
6,Alessandro ALTOBELLI,FW,4,1,0,360,4
7,Preben ELKJAER LARSEN,FW,4,0,0,360,4
8,Jorge VALDANO,FW,4,0,0,630,7
9,Jesper OLSEN,MF,3,2,0,231,4
10,Rudi VOELLER,FW,3,0,0,421,6
11,Nico CLAESEN,FW,3,1,0,660,7
12,Jan CEULEMANS,MF,3,0,0,720,7
13,Abdelrazzak KHAIRI,MF,2,0,0,272,4
14,JOSIMAR,DF,2,0,0,300,3
15,Ramon Maria CALDERE,MF,2,0,0,336,4
16,Jean-Pierre PAPIN,FW,2,0,0,347,4
17,Julio Cesar ROMERO,MF,2,0,0,360,4
18,Roberto CABANAS,FW,2,0,0,360,4
19,SOCRATES,MF,2,1,0,437,5
20,Fernando QUIRARTE,DF,2,0,0,480,5
21,Yannick STOPYRA,FW,2,0,0,481,6
22,Michel PLATINI,MF,2,0,0,565,6
23,Jorge BURRUCHAGA,MF,2,0,0,610,7
24,Klaus ALLOFS,FW,2,0,0,615,7
25,Enzo SCIFO,MF,2,0,0,641,7
26,KIM Jong Boo,FW,1,0,0,65,2
27,Erwin VANDENBERGH,FW,1,0,0,66,1
28,John ERIKSEN,FW,1,0,0,75,2
29,Oleg BLOKHIN,FW,1,0,0,94,2
30,Bernard GENGHINI,MF,1,0,0,120,1
31,Juan Antonio SENOR,MF,1,0,0,122,4
32,Djamel ZIDANE,MF,1,0,0,139,3
33,Antonio ALZAMENDI,FW,1,0,0,143,3
34,ELOY,FW,1,0,0,147,3
35,Pedro PASCULLI,FW,1,0,0,164,2
36,Jean-Marc FERRERI,MF,1,0,0,180,4
37,CHOI Soon Ho,MF,1,0,0,180,2
38,Sergei RODIONOV,FW,1,0,0,181,4
39,Colin CLARKE,FW,1,0,0,189,3
40,DIAMANTINO,FW,1,0,0,193,3
41,Pavel YAKOVENKO,MF,1,0,0,219,3
42,Norman WHITESIDE,FW,1,0,0,238,3
43,Luis FLORES,FW,1,0,0,246,3
44,Aleksandr ZAVAROV,MF,1,0,0,248,4
45,Peter BEARDSLEY,FW,1,0,0,255,4
46,CARLOS MANUEL,MF,1,0,0,270,3
47,Ahmed RADHI,FW,1,0,0,270,3
48,Lajos DETARI,MF,1,0,0,270,3
49,Marton ESTERHAZY,FW,1,0,0,270,3
50,Gordon STRACHAN,MF,1,0,0,270,3
51,HUH Jungmoo,MF,1,0,0,270,3
52,PARK Chang Sun,FW,1,0,0,270,3
53,Nasko SIRAKOV,MF,1,0,0,282,4
54,Dominique ROCHETEAU,FW,1,0,0,288,4
55,Plamen GETOV,MF,1,0,0,297,4
56,Vasili RATS,MF,1,0,0,300,3
57,Ivan YAREMCHUK,MF,1,0,0,300,3
58,Wlodimierz SMOLAREK,FW,1,0,0,344,4
59,Karl-Heinz RUMMENIGGE,FW,1,0,0,348,7
60,Michael LAUDRUP,MF,1,0,0,351,4
61,Enzo FRANCESCOLI,MF,1,1,0,354,4
62,GOIKO,DF,1,1,0,360,4
63,Abdelkarim KRIMAU,FW,1,0,0,360,4
64,Soren LERBY,MF,1,0,0,360,4
65,JULIO SALINAS,FW,1,0,0,366,5
66,Serguei ALEINIKOV,MF,1,0,0,390,4
67,Hugo SÁNCHEZ,FW,1,0,0,390,4
68,Andreas BREHME,DF,1,0,0,435,5
69,EDINHO,DF,1,0,0,480,5
70,Manuel NEGRETE,MF,1,0,0,480,5
71,Raul SERVIN,DF,1,0,0,480,5
72,Daniel VEYT,FW,1,0,0,502,5
73,Luis FERNANDEZ,MF,1,0,0,553,6
74,Frank VERCAUTEREN,MF,1,0,0,585,6
75,Oscar RUGGERI,DF,1,0,0,630,7
76,Jose BROWN,DF,1,0,0,630,7
77,Stephane DEMOL,DF,1,0,0,633,7
78,Lothar MATTHAEUS,MF,1,0,0,640,7
79,Jean TIGANA,MF,1,0,0,653,7
80,Manuel AMOROS,DF,1,1,0,690,7
1,Paolo ROSSI,FW,6,0,0,575,7
2,Karl-Heinz RUMMENIGGE,FW,5,0,0,429,7
3,ZICO,MF,4,0,0,443,5
4,Zbigniew BONIEK,FW,4,0,0,540,6
5,Laszlo KISS,FW,3,0,0,165,3
6,FALCAO,MF,3,0,0,450,5
7,Gerry ARMSTRONG,FW,3,0,0,450,5
8,Alain GIRESSE,MF,3,0,0,570,6
9,Antonin PANENKA,MF,2,2,0,110,2
10,Laszlo FAZEKAS,FW,2,0,0,224,3
11,Salah ASSAD,FW,2,0,0,270,3
12,Gabor POLOSKEI,FW,2,0,0,270,3
13,Tibor NYILASI,MF,2,0,0,270,3
14,John WARK,MF,2,0,0,270,3
15,Bryan ROBSON,MF,2,0,0,315,4
16,Klaus FISCHER,FW,2,0,0,344,6
17,Dominique ROCHETEAU,FW,2,0,0,349,4
18,Daniel BERTONI,FW,2,0,0,401,5
19,SERGINHO,FW,2,0,0,404,5
20,Bernard GENGHINI,MF,2,0,0,405,5
21,Trevor FRANCIS,FW,2,0,0,437,5
22,Didier SIX,FW,2,0,0,443,7
23,Diego MARADONA,MF,2,0,0,445,5
24,Daniel PASSARELLA,DF,2,1,0,450,5
25,EDER,MF,2,0,0,450,5
26,SOCRATES,MF,2,0,0,450,5
27,Billy HAMILTON,FW,2,0,0,450,5
28,Walter SCHACHNER,FW,2,0,0,450,5
29,Michel PLATINI,MF,2,1,0,471,5
30,Pierre LITTBARSKI,MF,2,0,0,586,7
31,Marco TARDELLI,MF,2,0,0,615,7
32,Lazar SZENTES,FW,1,0,0,51,2
33,Eduardo LAING,FW,1,0,0,57,2
34,Joe JORDAN,FW,1,0,0,71,1
35,Uwe REINDERS,FW,1,0,0,74,2
36,Juan LETELIER,FW,1,0,0,77,2
37,Wlodzimierz CIOLEK,MF,1,0,0,107,4
38,Alessandro ALTOBELLI,FW,1,0,0,112,3
39,Kenny DALGLISH,FW,1,0,0,115,2
40,Alain COURIOL,FW,1,0,0,117,3
41,Tedj BENSAOULA,FW,1,0,0,141,3
42,Guillermo LA ROSA,FW,1,0,0,148,3
43,Andrzej SZARMACH,FW,1,0,0,155,2
44,Lakhdar BELLOUMI,MF,1,0,0,155,2
45,Jozsef TOTH,DF,1,0,0,180,2
46,Jozsef VARGA,DF,1,0,0,180,2
47,Miguel NEIRA,MF,1,1,0,185,3
48,David NAREY,DF,1,0,0,187,3
49,Ramon DIAZ,FW,1,0,0,189,4
50,Rene GIRARD,MF,1,0,0,195,5
51,Steve ARCHIBALD,FW,1,0,0,217,3
52,Khoren OGANESIAN,MF,1,0,0,225,3
53,Enrique SAURA,MF,1,0,0,229,4
54,Luis RAMIREZ,FW,1,0,0,244,3
55,Gustavo MOSCOSO,FW,1,0,0,249,3
56,Rabah MADJER,FW,1,0,0,268,3
57,Gregoire MBIDA,MF,1,0,0,270,3
58,Vladimir PETROVIC,MF,1,1,0,270,3
59,Steve SUMNER,MF,1,0,0,270,3
60,Abdulaziz AL BALUSHI,MF,1,0,0,270,3
61,Faisal AL DAKHIL,FW,1,0,0,270,3
62,Graeme SOUNESS,MF,1,0,0,270,3
63,Ivan GUDELJ,MF,1,0,0,270,3
64,Ruben DIAZ,DF,1,0,0,270,3
65,Steve WOODDIN,FW,1,0,0,270,3
66,Hector ZELAYA,MF,1,0,0,270,3
67,JUANITO,FW,1,1,0,270,4
68,John ROBERTSON,FW,1,0,0,270,3
69,LOPEZ UFARTE,FW,1,1,0,303,4
70,Horst HRUBESCH,FW,1,0,0,324,5
71,Andrei BAL,MF,1,0,0,357,4
72,Hans KRANKL,FW,1,0,0,360,4
73,Jesus ZAMORA,MF,1,0,0,360,4
74,Alex CZERNIATYNSKI,FW,1,0,0,383,5
75,Janusz KUPCEWICZ,DF,1,0,0,404,5
76,Reinhold HINTERMAIER,MF,1,0,0,405,5
77,Yuri GAVRILOV,MF,1,0,0,411,5
78,Ramaz SHENGELIA,FW,1,0,0,412,5
79,OSCAR,DF,1,0,0,435,5
80,Osvaldo ARDILES,MF,1,0,0,450,5
81,Oleg BLOKHIN,FW,1,0,0,450,5
82,Bruno PEZZEY,DF,1,0,0,450,5
83,JUNIOR,DF,1,0,0,450,5
84,Paul MARINER,FW,1,0,0,450,5
85,Aleksandre CHIVADZE,DF,1,0,0,450,5
86,Ludo COECK,MF,1,0,0,450,5
87,Sergei BALTACHA,DF,1,0,0,450,5
88,Erwin VANDENBERGH,FW,1,0,0,450,5
89,Wlodimierz SMOLAREK,FW,1,0,0,511,6
90,Gerard SOLER,FW,1,0,0,512,6
91,Francesco GRAZIANI,FW,1,0,0,527,7
92,Maxime BOSSIS,DF,1,0,0,570,6
93,Antonio CABRINI,DF,1,0,0,630,7
94,Bruno CONTI,MF,1,0,0,630,7
95,Grzegorz LATO,FW,1,0,0,630,7
96,Stefan MAJEWSKI,DF,1,0,0,630,7
97,Andrzej BUNCOL,MF,1,0,0,630,7
98,Paul BREITNER,MF,1,0,0,631,7
99,Marius TRESOR,DF,1,0,0,660,7
1,Mario KEMPES,FW,6,0,0,660,7
2,Teofilo CUBILLAS,FW,5,2,0,540,6
3,Rob RENSENBRINK,FW,5,4,0,660,7
4,Leopoldo LUQUE,FW,4,0,0,480,5
5,Hans KRANKL,FW,4,1,0,540,6
6,Karl-Heinz RUMMENIGGE,FW,3,0,0,450,5
7,ROBERTO DINAMITE,FW,3,0,0,450,5
8,Johnny REP,FW,3,0,0,484,6
9,DIRCEU,MF,3,0,0,544,7
10,Paolo ROSSI,FW,3,0,0,630,7
11,Archie GEMMILL,MF,2,1,0,195,3
12,NELINHO,DF,2,0,0,274,4
13,Dieter MUELLER,FW,2,0,0,330,4
14,Heinz FLOHE,MF,2,0,0,338,4
15,Ernie BRANDTS,DF,2,0,0,366,4
16,Zbigniew BONIEK,FW,2,0,0,381,6
17,Daniel BERTONI,FW,2,0,0,477,6
18,Grzegorz LATO,FW,2,0,0,540,6
19,Arie HAAN,MF,2,0,0,570,6
20,Roberto BETTEGA,FW,2,0,0,605,7
21,Andras TOTH,FW,1,1,0,45,1
22,DANI,FW,1,0,0,90,1
23,Dick NANNINGA,MF,1,0,0,90,3
24,Marc BERDOLL,FW,1,0,0,106,2
25,Hassan ROWSHAN,FW,1,0,0,112,3
26,Bernard LACOMBE,FW,1,0,0,164,2
27,Dominique ROCHETEAU,FW,1,0,0,165,2
28,Iraj DANAYFAR,MF,1,0,0,179,2
29,Christian LOPEZ,DF,1,0,0,180,2
30,Karoly CSAPO,MF,1,0,0,197,3
31,Walter SCHACHNER,FW,1,0,0,214,3
32,Michel PLATINI,MF,1,0,0,225,3
33,REINALDO,FW,1,0,0,225,3
34,ZICO,MF,1,1,0,229,6
35,Thomas SJOBERG,FW,1,0,0,246,3
36,Kenny DALGLISH,FW,1,0,0,254,3
37,Bernd HOELZENBEIN,FW,1,0,0,270,3
38,Joe JORDAN,FW,1,0,0,270,3
39,Arturo VAZQUEZ,DF,1,1,0,270,3
40,Sandor ZOMBORI,MF,1,0,0,270,3
41,Victor RANGEL,FW,1,0,0,270,3
42,Ruediger ABRAMCZIK,FW,1,0,0,270,3
43,Mokhtar DOUIEB,DF,1,0,0,270,3
44,Juan Manuel ASENSI,MF,1,0,0,270,3
45,Nejib GHOMMIDH,MF,1,0,0,270,3
46,Ali KAABI,DF,1,0,0,270,3
47,Renato ZACCARELLI,MF,1,0,0,287,5
48,Hansi MUELLER,MF,1,0,0,315,4
49,Rene HOUSEMAN,MF,1,0,0,330,6
50,Jose VELASQUEZ,MF,1,0,0,411,5
51,Andrzej SZARMACH,FW,1,0,0,420,5
52,Rene VAN DE KERKHOF,FW,1,0,0,520,7
53,Romeo BENETTI,MF,1,0,0,527,6
54,Cesar CUETO,MF,1,0,0,532,6
55,Kazimierz DEYNA,MF,1,0,0,540,6
56,Erich OBERMAYER,DF,1,0,0,540,6
57,Franco CAUSIO,MF,1,0,0,585,7
58,Daniel PASSARELLA,DF,1,1,0,660,7
59,Willy VAN DE KERKHOF,MF,1,0,0,660,7
60,Alberto TARANTINI,DF,1,0,0,660,7
1,Grzegorz LATO,FW,7,0,0,630,7
2,Andrzej SZARMACH,FW,5,0,0,460,6
3,Johan NEESKENS,MF,5,3,0,614,7
4,Ralf EDSTROM,FW,4,0,0,540,6
5,Gerd MUELLER,FW,4,0,0,630,7
6,Johnny REP,FW,4,0,0,630,7
7,Dusan BAJEVIC,FW,3,0,0,250,3
8,Rene HOUSEMAN,FW,3,0,0,328,6
9,Kazimierz DEYNA,MF,3,1,0,620,7
10,Johan CRUYFF,FW,3,0,0,630,7
11,Paul BREITNER,DF,3,1,0,630,7
12,RIVELINO,MF,3,0,0,630,7
13,Stanislav KARASI,FW,2,0,0,220,4
14,Hector YAZALDE,FW,2,0,0,258,3
15,Emmanuel SANON,FW,2,0,0,270,3
16,Joe JORDAN,FW,2,0,0,270,3
17,Joachim STREICH,FW,2,0,0,350,4
18,Roland SANDBERG,FW,2,0,0,540,6
19,Ivica SURJAK,FW,2,0,0,540,6
20,Wolfgang OVERATH,MF,2,0,0,594,7
21,JAIRZINHO,FW,2,0,0,630,7
22,Theo DE JONG,DF,1,0,0,73,4
23,Gianni RIVERA,MF,1,0,0,156,2
24,Pietro ANASTASI,FW,1,0,0,200,3
25,Bernd CULLMANN,DF,1,0,0,247,3
26,Miguel BRINDISI,MF,1,0,0,257,4
27,Peter LORIMER,FW,1,0,0,270,3
28,Romeo BENETTI,MF,1,0,0,270,3
29,Hristo BONEV,MF,1,0,0,270,3
30,Fabio CAPELLO,MF,1,0,0,270,3
31,Sergio AHUMADA,FW,1,0,0,270,3
32,Ricardo PAVONI,DF,1,0,0,270,3
33,Ilija PETKOVIC,MF,1,0,0,357,5
34,Rainer BONHOF,MF,1,0,0,360,4
35,Branko OBLAK,MF,1,0,0,370,5
36,Conny TORSTENSSON,FW,1,0,0,374,5
37,Dragan DZAJIC,FW,1,0,0,444,5
38,Carlos BABINGTON,FW,1,0,0,450,5
39,Vladislav BOGICEVIC,DF,1,0,0,450,5
40,Rob RENSENBRINK,FW,1,0,0,472,6
41,Juergen GRABOWSKI,FW,1,0,0,476,6
42,Martin HOFFMANN,FW,1,0,0,485,6
43,VALDOMIRO,FW,1,0,0,530,6
44,Ruben AYALA,FW,1,0,0,540,6
45,Josip KATALINSKI,DF,1,0,0,540,6
46,Ramon HEREDIA,DF,1,0,0,540,6
47,Juergen SPARWASSER,MF,1,0,0,540,6
48,Uli HOENESS,MF,1,1,0,557,7
49,Jerzy GORGON,DF,1,0,0,630,7
50,Ruud KROL,DF,1,0,0,630,7
1,Gerd MUELLER,FW,10,1,0,600,6
2,JAIRZINHO,FW,7,0,0,530,6
3,Teofilo CUBILLAS,FW,5,0,0,360,4
4,Anatoly BISHOVETS,FW,4,0,0,390,4
5,PELÉ (Edson Arantes do Nascimento),FW,4,0,0,540,6
6,RIVELINO,MF,3,0,0,450,5
7,Gigi RIVA,FW,3,0,0,570,6
8,Uwe SEELER,FW,3,0,0,600,6
9,Gianni RIVERA,MF,2,0,0,170,4
10,Raoul LAMBERT,FW,2,1,0,180,2
11,Florea DUMITRACHE,FW,2,1,0,252,3
12,Ladislav PETRAS,FW,2,0,0,270,3
13,Wilfried VAN MOER,MF,2,0,0,270,3
14,Javier VALDIVIA,FW,2,0,0,315,4
15,Alberto GALLARDO,FW,2,0,0,346,4
16,TOSTAO,MF,2,0,0,518,6
17,Roberto BONINSEGNA,FW,2,0,0,564,6
19,Juan Ignacio BASAGUREN,FW,1,0,0,59,2
20,Allan CLARKE,FW,1,1,0,90,1
21,Ove GRAHN,FW,1,0,0,96,2
22,Tom TURESSON,FW,1,0,0,122,2
23,Dinko DERMENDZHIEV,MF,1,0,0,135,2
24,Todor KOLEV,MF,1,0,0,180,2
25,Houmane JARIR,FW,1,0,0,180,2
26,Asparukh NIKODIMOV,MF,1,0,0,180,2
27,Alexandru NEAGU,MF,1,0,0,197,3
28,Hristo BONEV,MF,1,0,0,203,3
29,Mahjoub GHAZOUANI,FW,1,0,0,236,3
30,Jose Luis GONZALEZ,MF,1,0,0,248,3
31,Kakhi ASATIANI,MF,1,0,0,251,3
32,Emerich DEMBROVSCHI,MF,1,0,0,270,3
33,Mordechai SPIEGLER,FW,1,0,0,270,3
34,Geoff HURST,FW,1,0,0,300,3
35,GERSON,MF,1,0,0,309,4
36,Victor ESPARRAGO,MF,1,0,0,316,6
37,Vitali KHMELNITSKI,FW,1,0,0,324,4
38,Roberto CHALLE,MF,1,0,0,342,4
39,Martin PETERS,FW,1,0,0,351,4
40,Gustavo PENA,DF,1,1,0,360,4
41,Hector CHUMPITAZ,DF,1,0,0,360,4
42,Javier FRAGOSO,FW,1,0,0,360,4
43,Stan LIBUDA,FW,1,0,0,360,5
44,Alan MULLERY,MF,1,0,0,390,4
45,Karl-Heinz SCHNELLINGER,DF,1,0,0,465,5
46,Angelo DOMENGHINI,FW,1,0,0,475,6
47,Luis CUBILLA,MF,1,0,0,480,5
48,Franz BECKENBAUER,DF,1,0,0,492,5
49,CLODOALDO,MF,1,0,0,524,6
50,Ildo MANEIRO,MF,1,0,0,534,6
51,CARLOS ALBERTO,DF,1,0,0,540,6
52,Tarcisio BURGNICH,DF,1,0,0,570,6
53,Juan MUJICA,DF,1,0,0,570,6
54,Wolfgang OVERATH,MF,1,0,0,600,6
1,EUSEBIO (Eusebio da Silva Ferreira),FW,9,4,0,540,6
2,Helmut HALLER,MF,6,1,0,480,5
3,Valeriy PORKUYAN,FW,4,0,0,270,3
4,Geoff HURST,FW,4,0,0,300,3
5,Ferenc BENE,FW,4,0,0,360,4
6,Franz BECKENBAUER,MF,4,0,0,570,6
7,Luis ARTIME,FW,3,0,0,360,4
8,Eduard MALOFEYEV,FW,3,0,0,450,5
9,JOSE TORRES,FW,3,0,0,540,6
10,JOSE AUGUSTO,FW,3,0,0,540,6
11,Roger HUNT,FW,3,0,0,570,6
12,Bobby CHARLTON,FW,3,0,0,570,6
13,Ruben MARCOS,MF,2,1,0,270,3
14,Igor CHISLENKO,FW,2,0,0,314,4
15,PAK Seung Zin,FW,2,0,0,360,4
16,Kalman MESZOLY,DF,2,1,0,360,4
17,Uwe SEELER,FW,2,0,0,570,6
18,TOSTAO,MF,1,0,0,90,1
19,RILDO,DF,1,0,0,90,1
20,Hector DE BOURGOING,FW,1,1,0,90,1
21,Jose Maria FUSTE,FW,1,0,0,90,1
22,Rene-Pierre QUENTIN,FW,1,0,0,180,2
23,LI Dong Woon,DF,1,0,0,180,2
24,GARRINCHA,FW,1,0,0,180,2
25,PELÉ (Edson Arantes do Nascimento),FW,1,0,0,180,2
26,PIRRI,MF,1,0,0,180,2
27,AMANCIO,FW,1,0,0,180,2
28,YANG Seung Kook,FW,1,0,0,180,2
29,Paolo BARISON,FW,1,0,0,180,2
30,Sandro MAZZOLA,MF,1,0,0,270,3
31,Manuel SANCHIS,DF,1,0,0,270,3
32,Georgi ASPARUKHOV,FW,1,0,0,270,3
33,Enrique BORJA,FW,1,0,0,270,3
34,Gerard HAUSSER,FW,1,0,0,270,3
35,Ermindo ONEGA,FW,1,0,0,360,4
36,Janos FARKAS,FW,1,0,0,360,4
37,Julio CORTES,MF,1,0,0,360,4
38,Pedro ROCHA,FW,1,0,0,360,4
39,PAK Doo Ik,MF,1,0,0,360,4
40,Lothar EMMERICH,FW,1,0,0,390,4
41,Anatoli BANISHEVSKI,FW,1,0,0,450,5
42,Martin PETERS,MF,1,0,0,480,5
43,ANTONIO SIMOES,FW,1,0,0,540,6
44,Wolfgang WEBER,DF,1,0,0,570,6
45,Sigi HELD,FW,1,0,0,570,6
1,Florian ALBERT,FW,4,0,0,270,3
2,Valentin IVANOV,FW,4,0,0,360,4
3,GARRINCHA,FW,4,0,0,533,6
4,VAVA,FW,4,0,0,540,6
5,Leonel SANCHEZ,FW,4,1,0,540,6
6,Drazen JERKOVIC,FW,4,0,0,540,6
8,Lajos TICHY,FW,3,0,0,360,4
9,Milan GALIC,FW,3,0,0,540,6
10,Adolf SCHERER,FW,3,1,0,540,6
12,Giacomo BULGARELLI,FW,2,0,0,90,1
13,Igor CHISLENKO,FW,2,0,0,270,3
14,Ron FLOWERS,MF,2,2,0,360,4
15,Viktor PONEDELNIK,FW,2,0,0,360,4
16,Uwe SEELER,FW,2,0,0,360,4
17,Jorge TORO,MF,2,0,0,450,5
18,Jaime RAMIREZ,FW,2,0,0,540,6
19,Eladio ROJAS,MF,2,0,0,540,6
20,ADELARDO,FW,1,0,0,90,1
21,Vaclav MASEK,FW,1,0,0,90,1
22,Francisco ZULUAGA,DF,1,1,0,90,1
23,Angel Ruben CABRERA,MF,1,0,0,161,2
24,Hector FACUNDO,FW,1,0,0,180,2
25,Luis CUBILLA,FW,1,0,0,180,2
26,Aleksei MAMYKIN,FW,1,0,0,180,2
27,Antonio RADA,FW,1,0,0,180,2
28,Vojislav MELIC,FW,1,0,0,180,2
29,PELÉ (Edson Arantes do Nascimento),FW,1,0,0,180,2
30,Georgi SOKOLOV,FW,1,0,0,180,2
31,Jose SANFILIPPO,FW,1,0,0,180,2
32,Gerry HITCHENS,FW,1,0,0,180,2
33,Bruno MORA,FW,1,0,0,180,2
34,Joaquin PEIRO,FW,1,0,0,180,2
35,Heinz SCHNEITER,DF,1,0,0,270,3
36,Josef STIBRANYI,MF,1,0,0,270,3
37,Rolf WUETHRICH,MF,1,0,0,270,3
38,Hector HERNANDEZ,FW,1,1,0,270,3
39,Josef KADRABA,FW,1,0,0,270,3
40,Marino KLINGER,FW,1,0,0,270,3
41,Alfredo DEL AGUILA,FW,1,0,0,270,3
42,Isidoro DIAZ,FW,1,0,0,270,3
43,Marcos COLL,MF,1,0,0,270,3
44,German ACEROS,FW,1,0,0,270,3
45,Albert BRUELLS,MF,1,0,0,360,4
46,Bobby CHARLTON,FW,1,0,0,360,4
47,Erno SOLYMOSI,DF,1,0,0,360,4
48,Horst SZYMANIAK,MF,1,1,0,360,4
49,Jimmy GREAVES,FW,1,0,0,360,4
50,Josip SKOBLAR,FW,1,1,0,450,5
51,Petar RADAKOVIC,MF,1,0,0,450,5
52,Mario ZAGALLO,FW,1,0,0,540,6
53,ZITO,MF,1,0,0,540,6
54,Josef MASOPUST,MF,1,0,0,540,6
1,Just FONTAINE,FW,13,0,0,540,6
2,PELÉ (Edson Arantes do Nascimento),FW,6,0,0,360,4
3,Helmut RAHN,FW,6,0,0,540,6
4,VAVA,FW,5,0,0,360,4
5,Peter McPARLAND,FW,5,0,0,480,5
6,Zdenek ZIKAN,FW,4,0,0,300,3
7,Lajos TICHY,FW,4,0,0,360,4
8,Agne SIMONSSON,FW,4,0,0,450,5
9,Kurt HAMRIN,FW,4,0,0,450,5
10,Oreste Omar CORBATTA,FW,3,2,0,270,3
11,Toza VESELINOVIC,FW,3,0,0,360,4
12,Roger PIANTONI,FW,3,0,0,450,5
13,Raymond KOPA,FW,3,1,0,540,6
14,Hans SCHAEFER,FW,3,0,0,540,6
15,Jorge ROMERO,FW,2,0,0,270,3
16,Jose ALTAFINI,FW,2,0,0,270,3
17,Juan AGUERO,FW,2,0,0,270,3
18,Florencio AMARILLA,FW,2,1,0,270,3
19,Jose PARODI,FW,2,0,0,270,3
20,Vaclav HOVORKA,FW,2,0,0,270,3
21,Derek KEVAN,FW,2,0,0,360,4
22,Aleksandar PETAKOVIC,FW,2,0,0,360,4
23,Milan DVORAK,FW,2,1,0,390,4
24,Uwe SEELER,FW,2,0,0,450,5
25,Ivor ALLCHURCH,FW,2,0,0,450,5
26,Nils LIEDHOLM,MF,2,1,0,450,5
27,Anatoli ILYIN,FW,2,0,0,450,5
28,Maryan WISNIESKI,FW,2,0,0,540,6
30,Sammy BAIRD,MF,1,0,0,90,1
31,Yvon DOUIS,FW,1,0,0,90,1
32,Tom FINNEY,FW,1,1,0,90,1
33,Radivoje OGNJANOVIC,FW,1,0,0,180,2
34,Jaime BELMONTE,FW,1,0,0,180,2
35,Jozsef BENCSIS,FW,1,0,0,180,2
36,Ludovico AVIO,FW,1,0,0,180,2
37,Hans CIESCLARCZYK,FW,1,0,0,180,2
38,Jimmy MURRAY,FW,1,0,0,180,2
39,Cayetano RE,FW,1,0,0,270,3
40,Jackie MUDIE,FW,1,0,0,270,3
41,Karoly SANDOR,FW,1,0,0,270,3
42,Bobby COLLINS,FW,1,0,0,270,3
43,Jozsef BOZSIK,MF,1,0,0,270,3
44,Norberto MENENDEZ,FW,1,0,0,270,3
45,Alfred KOERNER,FW,1,0,0,270,3
46,Karl KOLLER,MF,1,0,0,270,3
47,Jiri FEUREISL,FW,1,0,0,300,3
48,John HAYNES,FW,1,0,0,360,4
49,Aleksandr IVANOV,FW,1,0,0,360,4
50,Terry MEDWIN,FW,1,0,0,360,4
51,John CHARLES,FW,1,0,0,360,4
52,Zdravko RAJKOV,FW,1,0,0,360,4
53,Gunnar GREN,MF,1,0,0,450,5
54,Valentin IVANOV,FW,1,0,0,450,5
55,Wilbur CUSH,FW,1,0,0,480,5
56,NILTON SANTOS,DF,1,0,0,540,6
57,Lennart SKOGLUND,FW,1,0,0,540,6
58,Jean VINCENT,FW,1,0,0,540,6
59,DIDI,MF,1,0,0,540,6
60,Mario ZAGALLO,FW,1,0,0,540,6
1,Sandor KOCSIS,FW,11,0,0,480,5
2,Sepp HUEGI,FW,6,0,0,270,3
3,Erich PROBST,FW,6,0,0,450,5
4,Max MORLOCK,FW,6,0,0,450,5
5,Ferenc PUSKAS,FW,4,0,0,270,3
6,Robert BALLAMAN,FW,4,0,0,360,4
7,Helmut RAHN,FW,4,0,0,360,4
8,Nandor HIDEGKUTI,FW,4,0,0,390,4
9,Hans SCHAEFER,FW,4,0,0,450,5
10,Ottmar WALTER,FW,4,0,0,450,5
11,Carlos BORGES,FW,4,0,0,480,5
12,Buhran SARGUN,FW,3,0,0,180,2
13,Suat MAMAT,FW,3,0,0,180,2
14,Leopold ANOUL,FW,3,0,0,210,2
15,Juan HOHBERG,FW,3,0,0,210,2
16,Nat LOFTHOUSE,FW,3,0,0,210,2
17,Oscar MIGUEZ,FW,3,0,0,270,3
18,Ernst STOJASPAL,FW,3,1,0,360,4
19,Theodor WAGNER,FW,3,0,0,360,4
20,Zoltan CZIBOR,FW,3,0,0,480,5
21,Fritz WALTER,MF,3,2,0,540,6
22,Peter PALOTAS,FW,2,0,0,210,2
23,PINGA,FW,2,0,0,210,2
24,Lefter KUCUKANDONYADIS,FW,2,0,0,270,3
25,Ivor BROADIS,FW,2,0,0,300,3
26,JULINHO,FW,2,0,0,300,3
27,DIDI,MF,2,0,0,300,3
28,Julio ABBADIE,FW,2,0,0,360,4
29,Alfred KOERNER,FW,2,0,0,360,4
30,Ernst OCWIRK,MF,2,0,0,450,5
31,Mihaly LANTOS,DF,2,1,0,480,5
32,Juan SCHIAFFINO,FW,2,0,0,480,5
34,Giampiero BONIPERTI,FW,1,0,0,90,1
35,Richard HERRMANN,FW,1,0,0,90,1
36,Alfred PFAFF,FW,1,0,0,90,1
37,Jimmy MULLEN,FW,1,0,0,90,1
38,Berni KLODT,FW,1,0,0,180,2
39,Jose LAMADRID,FW,1,0,0,180,2
40,Amleto FRIGNANI,FW,1,0,0,180,2
41,Tomas BALCAZAR,FW,1,0,0,180,2
42,Carlo GALLI,FW,1,0,0,180,2
43,Jean VINCENT,FW,1,0,0,180,2
44,Dennis WILSHAW,FW,1,0,0,180,2
45,Raymond KOPA,FW,1,1,0,180,2
46,Jozsef TOTH,FW,1,0,0,180,2
47,BALTAZAR,FW,1,0,0,210,2
48,Rik COPPENS,FW,1,0,0,210,2
49,Erol KESKIN,FW,1,0,0,270,3
50,Obdulio VARELA,MF,1,0,0,270,3
51,Fulvio NESTI,MF,1,0,0,270,3
52,Egisto PANDOLFINI,FW,1,1,0,270,3
53,Benito LORENZI,FW,1,0,0,270,3
54,Milos MILUTINOVIC,FW,1,0,0,300,3
55,DJALMA SANTOS,DF,1,1,0,300,3
56,Branko ZEBEC,MF,1,0,0,300,3
57,Tom FINNEY,FW,1,0,0,300,3
58,Jackie FATTON,FW,1,0,0,360,4
59,Javier AMBROIS,FW,1,0,0,390,4
1,ADEMIR,FW,8,0,0,540,6
2,Oscar MIGUEZ,FW,5,0,0,360,4
3,CHICO,FW,4,0,0,360,4
4,Alcides GHIGGIA,FW,4,0,0,360,4
5,ZARRA,FW,4,0,0,540,6
6,Estanislao BASORA,FW,4,0,0,540,6
7,Juan SCHIAFFINO,FW,3,0,0,360,4
8,Karl-Erik PALMER,FW,3,0,0,450,5
9,Stig SUNDQVIST,FW,3,0,0,450,5
10,BALTAZAR,FW,2,0,0,180,2
11,Riccardo CARAPELLESE,FW,2,0,0,180,2
12,Zeljko CAJKOVSKI,FW,2,0,0,270,3
13,Atilio CREMASCHI,FW,2,0,0,270,3
14,Jackie FATTON,FW,2,0,0,270,3
15,Kosta TOMASEVIC,FW,2,0,0,270,3
16,ZIZINHO,MF,2,0,0,360,4
17,Hans JEPPSSON,FW,2,0,0,360,4
18,Silvestre IGOA,FW,2,0,0,450,5
19,Sune ANDERSSON,DF,2,1,0,450,5
20,JAIR,FW,2,0,0,450,5
21,ALFREDO II,FW,1,0,0,90,1
22,Egisto PANDOLFINI,FW,1,0,0,90,1
23,Tihomir OGNJANOV,FW,1,0,0,90,1
24,Fernando RIERA,FW,1,0,0,90,1
25,Wilf MANNION,FW,1,0,0,180,2
26,Bror MELLBERG,FW,1,0,0,180,2
27,Andres PRIETO,FW,1,0,0,180,2
28,Atilio LOPEZ,FW,1,0,0,180,2
29,Cesar LOPEZ FRETES,FW,1,0,0,180,2
30,Ermes MUCCINELLI,FW,1,0,0,180,2
31,Kiki ANTENEN,FW,1,0,0,180,2
32,Horacio CASARIN,FW,1,0,0,270,3
33,Stjepan BOBEK,FW,1,0,0,270,3
34,Frank WALLACE,FW,1,0,0,270,3
35,Rajko MITIC,FW,1,0,0,270,3
36,Stan MORTENSEN,FW,1,0,0,270,3
37,Joe MACA,DF,1,1,0,270,3
38,Gino PARIANI,FW,1,0,0,270,3
39,Hector ORTIZ,MF,1,1,0,270,3
40,Jorge ROBLEDO,FW,1,0,0,270,3
41,Ernesto VIDAL,FW,1,0,0,270,3
42,Rene BADER,FW,1,0,0,270,3
43,Joe GAETJENS,FW,1,0,0,270,3
44,FRIACA,FW,1,0,0,360,4
45,Obdulio VARELA,MF,1,0,0,360,4
46,Julio PEREZ,FW,1,0,0,360,4
47,MANECA,FW,1,0,0,360,4
1,LEONIDAS,FW,7,0,0,420,4
2,Gyorgy SAROSI,FW,5,0,0,360,4
3,Gyula ZSENGELLER,FW,5,0,0,360,4
4,Silvio PIOLA,FW,5,0,0,390,4
5,Ernest WILIMOWSKI,FW,4,0,0,120,1
6,Gino COLAUSSI,FW,4,0,0,270,3
7,Gustav WETTERSTROM,FW,3,0,0,180,2
8,Harry ANDERSSON,FW,3,0,0,270,3
9,Arne NYBERG,FW,3,0,0,270,3
10,Hector SOCORRO,FW,3,0,0,300,3
11,Andre ABEGGLEN,FW,3,0,0,300,3
12,ROMEU,FW,3,0,0,420,4
13,PERACIO,FW,3,0,0,420,4
14,Jean NICOLAS,FW,2,0,0,180,2
15,Pal TITKOS,FW,2,0,0,180,2
16,Stefan DOBAY,FW,2,0,0,210,2
17,Oldrich NEJEDLY,FW,2,1,0,240,2
18,Henri ISEMBORGHS,FW,1,0,0,90,1
19,Josef GAUCHEL,FW,1,0,0,120,1
20,Pietro FERRARIS,FW,1,0,0,120,1
21,Silviu BINDEA,FW,1,0,0,120,1
22,Arne BRUSTAD,FW,1,0,0,120,1
23,Josef ZEMAN,FW,1,0,0,120,1
24,Fryedryk SZERFKE,FW,1,1,0,120,1
25,Geza TOLDI,FW,1,0,0,180,2
26,Emile VEINANTE,MF,1,0,0,180,2
27,Oscar HEISSERER,MF,1,0,0,180,2
28,Tore KELLER,FW,1,0,0,180,2
29,Vilmos KOHUT,FW,1,0,0,180,2
30,ROBERTO,FW,1,0,0,180,2
31,Iuliu BARATKY,FW,1,0,0,210,2
32,Willhelm HAHNEMANN,fifa.fieldPos_0,1,0,0,210,2
33,Jose MAGRINA,FW,1,0,0,210,2
34,Sven JONASSON,FW,1,0,0,270,3
35,Tomas FERNANDEZ,MF,1,0,0,300,3
36,Fredy BICKEL,FW,1,0,0,300,3
37,Eugen WALASCHEK,FW,1,0,0,300,3
38,Vlastimil KOPECKY,MF,1,0,0,330,3
39,Josef KOSTALEK,MF,1,0,0,330,3
40,Giuseppe MEAZZA,FW,1,1,0,390,4
1,Oldrich NEJEDLY,FW,5,0,0,390,4
2,Edmund CONEN,FW,4,0,0,360,4
3,Angelo SCHIAVIO,FW,4,0,0,420,4
4,Leopold KIELHOLZ,FW,3,0,0,180,2
5,Raimundo ORSI,FW,3,0,0,510,5
6,Bernard VOORHOOF,FW,2,0,0,90,1
7,Abdel Rahman FAWZI,FW,2,0,0,90,1
8,Karl HOHMANN,FW,2,0,0,180,2
9,Johann HORVATH,FW,2,0,0,180,2
10,Sven JONASSON,FW,2,0,0,180,2
11,Geza TOLDI,FW,2,0,0,180,2
12,IRARAGORRI,MF,2,1,0,210,2
13,Ernest LEHNER,FW,2,0,0,360,4
14,Antonin PUC,FW,2,0,0,390,4
15,Giovanni FERRARI,MF,2,0,0,420,4
16,Giuseppe MEAZZA,MF,2,0,0,510,5
17,LEONIDAS,FW,1,0,0,90,1
18,Leen VENTE,FW,1,0,0,90,1
19,Jeno VINCZE,FW,1,0,0,90,1
20,Willy JAEGGI,FW,1,0,0,90,1
21,Pal TELEKI,FW,1,0,0,90,1
22,Kick SMIT,FW,1,0,0,90,1
23,Rudolf NOACK,FW,1,0,0,90,1
24,Alberto GALATEO,FW,1,0,0,90,1
25,Stefan DOBAY,FW,1,0,0,90,1
26,Aldo DONELLI,FW,1,0,0,90,1
27,Gyorgy SAROSI,FW,1,1,0,90,1
28,Ernesto BELIS,DF,1,0,0,90,1
29,Jean NICOLAS,FW,1,0,0,120,1
30,Georges VERRIEST,MF,1,1,0,120,1
31,Andre ABEGGLEN,FW,1,0,0,180,2
32,Knut KROON,FW,1,0,0,180,2
33,Gosta DUNKER,FW,1,0,0,180,2
34,Toni SCHALL,FW,1,0,0,210,2
35,Isidro LANGARA,FW,1,0,0,210,2
36,LUIS REGUEIRO,FW,1,0,0,210,2
37,Stanislaus KOBIERSKI,FW,1,0,0,270,3
38,Frantisek SVOBODA,FW,1,0,0,300,3
39,Matthias SINDELAR,FW,1,0,0,300,3
40,Otto SIFFLING,FW,1,0,0,360,4
41,Jiri SOBOTKA,FW,1,0,0,390,4
42,Karl SESTA,DF,1,0,0,390,4
43,Karl ZISCHEK,FW,1,0,0,390,4
44,Josef BICAN,FW,1,0,0,390,4
45,Enrique GUAITA,FW,1,0,0,420,4
1,Guillermo STABILE,FW,8,0,0,360,4
2,Pedro CEA,FW,5,0,0,360,4
3,Bert PATENAUDE,FW,4,0,0,270,3
4,Juan ANSELMO,FW,3,0,0,180,2
5,PREGUINHO,FW,3,0,0,180,2
6,Ivica BEK,FW,3,0,0,270,3
7,Carlos PEUCELLE,FW,3,0,0,360,4
8,Adolfo ZUMELZU,DF,2,0,0,90,1
9,MODERATO,FW,2,0,0,90,1
10,Hector CASTRO,FW,2,0,0,180,2
11,Andre MASCHINOT,FW,2,0,0,180,2
12,Manuel ROSAS,DF,2,1,0,270,3
13,Pablo DORADO,FW,2,0,0,270,3
14,Djordje VUJADINOVIC,FW,2,0,0,270,3
15,Guillermo SUBIABRE,FW,2,0,0,270,3
16,Carlos VIDAL,FW,2,0,0,270,3
17,Luis MONTI,MF,2,0,0,360,4
18,Victoriano IRIARTE,FW,2,0,0,360,4
19,Alejandro SCOPELLI,FW,1,0,0,90,1
20,Constantin STANCIU,FW,1,0,0,90,1
21,Luis SOUZA,FW,1,0,0,180,2
22,Luis VARGAS PENA,FW,1,0,0,180,2
23,Nicolae KOVACS,FW,1,0,0,180,2
24,Roberto GAYON,FW,1,0,0,180,2
25,Adalbert DESU,FW,1,0,0,180,2
26,Lucien LAURENT,FW,1,0,0,180,2
27,Jim BROWN,FW,1,0,0,270,3
28,Juan CARRENO,FW,1,0,0,270,3
29,Tom FLORIE,FW,1,0,0,270,3
30,Marcel LANGILLER,FW,1,0,0,270,3
31,Blagoje MARJANOVIC,FW,1,0,0,270,3
32,Bart McGHEE,FW,1,0,0,270,3
33,Hector SCARONE,FW,1,0,0,270,3
34,Aleksandar TIRNANIC,FW,1,0,0,270,3
35,Mario EVARISTO,FW,1,0,0,360,4
36,Francisco VARALLO,FW,1,0,0,360,4
