rank,name,role,yellow cards,second yellow,red cards,minutes,matches
1,Antonio VALENCIA,,1,0,1,,3
2,Steven DEFOUR,,0,0,1,,1
3,Alexandre SONG,,0,0,1,,2
4,PEPE,,0,0,1,,2
5,Maximiliano PEREIRA,,0,0,1,,3
6,Claudio MARCHISIO,,0,0,1,,3
7,Ante REBIC,,0,0,1,,3
8,Thiago Silva,,3,0,0,,6
9,Diego LUGANO,,2,0,0,,1
10,Wilson PALACIOS,,0,1,0,,2
11,Tim CAHILL,,2,0,0,,2
12,Didier ZOKORA,,2,0,0,,2
13,Sulley Muntari,,2,0,0,,2
14,Klaas Jan HUNTELAAR,,2,0,0,,3
15,Mile JEDINAK,,2,0,0,,3
16,Konstantinos KATSOURANIS,,0,1,0,,3
17,Francisco SILVA,,2,0,0,,3
18,Jonathan de Guzman,,2,0,0,,3
19,Mario BALOTELLI,,2,0,0,,3
20,Jose VAZQUEZ,,2,0,0,,3
21,Toby ALDERWEIRELD,,2,0,0,,4
22,Óscar Duarte,,0,1,0,,4
23,Eugenio MENA,,2,0,0,,4
24,Yohan Cabaye,,2,0,0,,4
25,Rafael MARQUEZ,,2,0,0,,4
26,Paul Aguilar,,2,0,0,,4
27,Giancarlo GONZALEZ,,2,0,0,,5
28,Robin VAN PERSIE,,2,0,0,,6
29,Bastian SCHWEINSTEIGER,,2,0,0,,6
30,LUIZ GUSTAVO,,2,0,0,,6
31,Bruno MARTINS INDI,,2,0,0,,6
32,Marcos ROJO,,2,0,0,,6
33,Benedikt HOEWEDES,,2,0,0,,7
34,Esteban Granados,,1,0,0,,0
35,Liassine CADAMURO,,1,0,0,,0
36,Karim ANSARI FARD,,1,0,0,,1
37,Mattia DE SCIGLIO,,1,0,0,,1
38,Abdul MAJEED WARIS,,1,0,0,,1
39,Jerry Palacios,,1,0,0,,1
40,EDUARDO,,1,0,0,,1
41,Mark MILLIGAN,,1,0,0,,1
42,Gelson FERNANDES,,1,0,0,,1
43,Walter GARGANO,,1,0,0,,1
44,Masato Morishige,,1,0,0,,1
45,DANTE,,1,0,0,,1
46,Luis GARRIDO,,1,0,0,,2
47,Haris MEDUNJANIN,,1,0,0,,2
48,Dany Nounkeu,,1,0,0,,2
49,Yasuyuki KONNO,,1,0,0,,2
50,Iker CASILLAS,,1,0,0,,2
51,Aleksey KOZLOV,,1,0,0,,2
52,Andreas SAMARIS,,1,0,0,,2
53,Edgar SALLI,,1,0,0,,2
54,Johnny ACOSTA,,1,0,0,,2
55,Moussa DEMBELE,,1,0,0,,2
56,Harrison Afful,,1,0,0,,2
57,Djamel MESBAH,,1,0,0,,2
58,Jerry BENGTSON,,1,0,0,,3
59,Geoff CAMERON,,1,0,0,,3
60,Eyong ENOH,,1,0,0,,3
61,Mohammed RABIU,,1,0,0,,3
62,Dejan LOVREN,,1,0,0,,3
63,HONG Jeongho,,1,0,0,,3
64,SON Heungmin,,1,0,0,,3
65,KOO Jacheol,,1,0,0,,3
66,Ismael TIOTE,,1,0,0,,3
67,Jefferson MONTERO,,1,0,0,,3
68,Ivan Rakitic,,1,0,0,,3
69,Vedran Corluka,,1,0,0,,3
70,Dmitry Kombarov,,1,0,0,,3
71,Raheem Sterling,,1,0,0,,3
72,Juan PAREDES,,1,0,0,,3
73,Frickson ERAZO,,1,0,0,,3
74,Jordan Ayew,,1,0,0,,3
75,LEE Yong,,1,0,0,,3
76,Adam Lallana,,1,0,0,,3
77,Oleg Shatov,,1,0,0,,3
78,Denis Glushakov,,1,0,0,,3
79,Muhamed BESIC,,1,0,0,,3
80,Ross Barkley,,1,0,0,,3
81,Enner Valencia,,1,0,0,,3
82,Serey DIE,,1,0,0,,3
83,José María Giménez,,1,0,0,,3
84,Nabil GHILAS,,1,0,0,,3
85,Kyle BECKERMAN,,1,0,0,,3
86,Javad NEKOUNAM,,1,0,0,,3
87,Fredy GUARIN,,1,0,0,,3
88,JOAO MOUTINHO,,1,0,0,,3
89,Stéphane M'Bia,,1,0,0,,3
90,Mauricio Pinilla,,1,0,0,,3
91,Xabi Alonso,,1,0,0,,3
92,Souleymane BAMBA,,1,0,0,,3
93,JOAO PEREIRA,,1,0,0,,3
94,Didier Drogba,,1,0,0,,3
95,Steven Gerrard,,1,0,0,,3
96,Madjid BOUGUERRA,,1,0,0,,3
97,Masoud Shojaei,,1,0,0,,3
98,Victor BERNARDEZ,,1,0,0,,3
99,Maynor FIGUEROA,,1,0,0,,3
100,Martín Demichelis,,1,0,0,,3
101,Omar Gonzalez,,1,0,0,,3
102,Boniek GARCIA,,1,0,0,,3
103,Andranik TIMOTIAN,,1,0,0,,3
104,Matthew SPIRANOVIC,,1,0,0,,3
105,Salomon Kalou,,1,0,0,,3
106,Sergio RAMOS,,1,0,0,,3
107,Emir SPAHIC,,1,0,0,,3
108,JÔ,,1,0,0,,3
109,KI Sungyueng,,1,0,0,,3
110,Arturo VIDAL,,1,0,0,,3
111,Makoto HASEBE,,1,0,0,,3
112,Maya YOSHIDA,,1,0,0,,3
113,Han Kook-Young,,1,0,0,,3
114,Nabil BENTALEB,,1,0,0,,3
115,Jose CUBERO,,1,0,0,,4
116,Carlos SANCHEZ,,1,0,0,,4
117,Egidio AREVALO,,1,0,0,,4
118,Martin CACERES,,1,0,0,,4
119,Andres GUARDADO,,1,0,0,,4
120,Vasileios TOROSIDIS,,1,0,0,,4
121,Johan DJOUROU,,1,0,0,,4
122,Fernando MUSLERA,,1,0,0,,4
123,Diego GODIN,,1,0,0,,4
124,Hector MORENO,,1,0,0,,4
125,John Obi MIKEL,,1,0,0,,4
126,Patrice Evra,,1,0,0,,4
127,Michael UMANA,,1,0,0,,4
128,Dimitrios SALPINGIDIS,,1,0,0,,4
129,Vincent KOMPANY,,1,0,0,,4
130,Jermaine JONES,,1,0,0,,4
131,Dani ALVES,,1,0,0,,4
132,Mario YEPES,,1,0,0,,4
133,Juwon OSHANIWA,,1,0,0,,4
134,Sokratis PAPASTATHOPOULOS,,1,0,0,,4
135,Georgios SAMARAS,,1,0,0,,4
136,Rafik HALLICHE,,1,0,0,,4
137,Axel WITSEL,,1,0,0,,4
138,Konstantinos MANOLAS,,1,0,0,,4
139,Charles ARANGUIZ,,1,0,0,,4
140,Granit XHAKA,,1,0,0,,4
141,Kenneth OMERUO,,1,0,0,,4
142,Neymar,,1,0,0,,5
143,Yeltsin TEJEDA,,1,0,0,,5
144,Jan VERTONGHEN,,1,0,0,,5
145,Blaise Matuidi,,1,0,0,,5
146,Paul Pogba,,1,0,0,,5
147,Sami KHEDIRA,,1,0,0,,5
148,Bryan RUIZ,,1,0,0,,5
149,Junior Díaz,,1,0,0,,5
150,FERNANDINHO,,1,0,0,,5
151,Pablo ARMERO,,1,0,0,,5
152,Keylor NAVAS,,1,0,0,,5
153,Sergio Agüero,,1,0,0,,5
154,Angel DI MARIA,,1,0,0,,5
155,James RODRIGUEZ,,1,0,0,,5
156,Eden HAZARD,,1,0,0,,5
157,Hulk,,1,0,0,,6
158,Daley Blind,,1,0,0,,7
159,Oscar,,1,0,0,,7
160,Stefan DE VRIJ,,1,0,0,,7
161,Ramires,,1,0,0,,7
162,Ezequiel GARAY,,1,0,0,,7
163,Lucas BIGLIA,,1,0,0,,7
164,Philipp LAHM,,1,0,0,,7
165,Arjen ROBBEN,,1,0,0,,7
166,JULIO CESAR,,1,0,0,,7
167,Javier MASCHERANO,,1,0,0,,7
168,Brad DAVIS,,0,0,0,,1
169,Kolo TOURÉ,,0,0,0,,1
170,Michael ESSIEN,,0,0,0,,1
171,Samuel ETOO,,0,0,0,,1
172,Frank Lampard,,0,0,0,,1
173,Roy MILLER,,0,0,0,,1
174,Hassan Yebda,,0,0,0,,1
175,Jean MAKOUN,,0,0,0,,1
176,VIEIRINHA,,0,0,0,,1
177,JUANFRAN,,0,0,0,,1
178,James Milner,,0,0,0,,1
179,MAXWELL,,0,0,0,,1
180,Landry N'Guémo,,0,0,0,,1
181,Anthony Vanden Borre,,0,0,0,,1
182,Rio Mavuba,,0,0,0,,1
183,Toshihiro AOYAMA,,0,0,0,,1
184,Jorge FUCILE,,0,0,0,,1
185,Daniel Opare,,0,0,0,,1
186,FABIO COENTRAO,,0,0,0,,1
187,Javi MARTÍNEZ,,0,0,0,,1
188,Juan Mata,,0,0,0,,1
189,Ben FOSTER,,0,0,0,,1
190,Paul Verhaegh,,0,0,0,,1
191,Bacary SAGNA,,0,0,0,,1
192,Ignazio ABATE,,0,0,0,,1
193,Carlos VALDES,,0,0,0,,1
194,Nicolas LOMBAERTS,,0,0,0,,1
195,Thomas VERMAELEN,,0,0,0,,1
196,Gerard Piqué,,0,0,0,,1
197,Dave MYRIE,,0,0,0,,1
198,David Villa,,0,0,0,,1
199,Ruben AMORIM,,0,0,0,,1
200,Carlos Peña,,0,0,0,,1
201,Joao Rojas,,0,0,0,,1
202,Mario MARTINEZ,,0,0,0,,1
203,Osman CHAVEZ,,0,0,0,,1
204,Valentin STOCKER,,0,0,0,,1
205,Didier Konan,,0,0,0,,1
206,Leroy FER,,0,0,0,,1
207,Leonardo BONUCCI,,0,0,0,,1
208,Henri BEDIMO,,0,0,0,,1
209,Ramon AZEEZ,,0,0,0,,1
210,Lucas DIGNE,,0,0,0,,1
211,John Brooks,,0,0,0,,1
212,Anel HADZIC,,0,0,0,,1
213,Rickie Lambert,,0,0,0,,1
214,Eder BALANTA,,0,0,0,,1
215,Ivan FRANJIC,,0,0,0,,1
216,Julian GREEN,,0,0,0,,1
217,Ruben GABRIEL,,0,0,0,,1
218,Julian DRAXLER,,0,0,0,,1
219,Ognjen VRANJES,,0,0,0,,1
220,Avdija VRSAJEVIC,,0,0,0,,1
221,Sammir,,0,0,0,,1
222,Panagiotis GLYKOS,,0,0,0,,1
223,Godfrey OBOABONA,,0,0,0,,1
224,Chris Smalling,,0,0,0,,1
225,Phil JONES,,0,0,0,,1
226,Michael LANG,,0,0,0,,1
227,Hugo CAMPAGNARO,,0,0,0,,1
228,Javier AQUINO,,0,0,0,,1
229,Max Gradel,,0,0,0,,1
230,Allan Nyom,,0,0,0,,1
231,Ricardo ALVAREZ,,0,0,0,,1
232,Luke SHAW,,0,0,0,,1
233,Carlos Bacca,,0,0,0,,1
234,Carlos Carbonero,,0,0,0,,1
235,Giovanni Sio,,0,0,0,,1
236,Renato Ibarra,,0,0,0,,1
237,Riyad MAHREZ,,0,0,0,,1
238,Morgan SCHNEIDERLIN,,0,0,0,,1
239,Marcelo BROZOVIC,,0,0,0,,1
240,Adnan JANUZAJ,,0,0,0,,1
241,Marco PAROLO,,0,0,0,,2
242,Tino Sven SUSIC,,0,0,0,,2
243,Fatawu DAUDA,,0,0,0,,2
244,Sead KOLASINAC,,0,0,0,,2
245,William,,0,0,0,,2
246,Chris Wondolowski,,0,0,0,,2
247,Carlos GRUEZO,,0,0,0,,2
248,JI Dongwon,,0,0,0,,2
249,Andy Najar,,0,0,0,,2
250,Šime VRSALJKO,,0,0,0,,2
251,Jack Wilshere,,0,0,0,,2
252,José Basanta,,0,0,0,,2
253,Oswaldo MINDA,,0,0,0,,2
254,Mehdi MOSTEFA,,0,0,0,,2
255,Jordan Henderson,,0,0,0,,2
256,Michael ARROYO,,0,0,0,,2
257,Izet Hajrovic,,0,0,0,,2
258,Fabian SCHAER,,0,0,0,,2
259,Faouzi GHOULAM,,0,0,0,,2
260,Andrey ESHCHENKO,,0,0,0,,2
261,Marco VERRATTI,,0,0,0,,2
262,Jordy CLASIE,,0,0,0,,2
263,Maksim Kanunnikov,,0,0,0,,2
264,Ioannis Fetfazidis,,0,0,0,,2
265,Senad LULIC,,0,0,0,,2
266,Diego COSTA,,0,0,0,,2
267,Mario MANDZUKIC,,0,0,0,,2
268,Edin VISCA,,0,0,0,,2
269,Toni SUNJIC,,0,0,0,,2
270,Saphir TAIDER,,0,0,0,,2
271,Adam TAGGART,,0,0,0,,2
272,Nikica Jelavic,,0,0,0,,2
273,PEDRO,,0,0,0,,2
274,Joel Matip,,0,0,0,,2
275,Vincent Aboubakar,,0,0,0,,2
276,KIM Shinwook,,0,0,0,,2
277,Sergio BUSQUETS,,0,0,0,,2
278,Leighton Baines,,0,0,0,,2
279,Ciro IMMOBILE,,0,0,0,,2
280,Joel VELTMAN,,0,0,0,,2
281,Koke,,0,0,0,,2
282,Michael BABATUNDE,,0,0,0,,2
283,Gaston RAMIREZ,,0,0,0,,2
284,Oliver BOZANIC,,0,0,0,,2
285,Santi Cazorla,,0,0,0,,2
286,Juan Carlos GARCIA,,0,0,0,,2
287,James TROISI,,0,0,0,,2
288,Benoit ASSOU EKOTTO,,0,0,0,,2
289,Lazaros CHRISTODOULOPOULOS,,0,0,0,,2
290,Sejad SALIHOVIC,,0,0,0,,2
291,Loïc Rémy,,0,0,0,,2
292,Mensur MUJDZA,,0,0,0,,2
293,Phil Jagielka,,0,0,0,,2
294,Emilio IZAGUIRRE,,0,0,0,,2
295,Mubarak WAKASO,,0,0,0,,2
296,Zvjezdan MISIMOVIC,,0,0,0,,2
297,Igor DENISOV,,0,0,0,,2
298,Marvin CHAVEZ,,0,0,0,,2
299,Carlos SALCIDO,,0,0,0,,2
300,VARELA,,0,0,0,,2
301,Luis SUAREZ,,0,0,0,,2
302,César AZPILICUETA,,0,0,0,,2
303,Aurélien Chedjou,,0,0,0,,2
304,Emmanuel Agyemang Badu,,0,0,0,,2
305,Yuya OSAKO,,0,0,0,,2
306,Michael BARRANTES,,0,0,0,,2
307,Danny Welbeck,,0,0,0,,2
308,Victor MOSES,,0,0,0,,2
309,Ricardo Costa,,0,0,0,,2
310,Daniele DE ROSSI,,0,0,0,,2
311,Jean Beausejour,,0,0,0,,2
312,RAUL MEIRELES,,0,0,0,,2
313,Danijel Pranjic,,0,0,0,,2
314,PARK Chuyoung,,0,0,0,,2
315,Cesc FABREGAS,,0,0,0,,2
316,Glen Johnson,,0,0,0,,2
317,Kevin-Prince BOATENG,,0,0,0,,2
318,JUNG Sungryong,,0,0,0,,2
319,Matt McKAY,,0,0,0,,2
320,Steve VON BERGEN,,0,0,0,,2
321,Lukas PODOLSKI,,0,0,0,,2
322,Diego FORLAN,,0,0,0,,2
323,Shola AMEOBI,,0,0,0,,2
324,Yasuhito ENDO,,0,0,0,,2
325,Antonio Cassano,,0,0,0,,2
326,Boubacar BARRY,,0,0,0,,3
327,Stipe PLETIKOSA,,0,0,0,,3
328,Yoshito OKUBO,,0,0,0,,3
329,Maicon,,0,0,0,,3
330,Jorge GUAGUA,,0,0,0,,3
331,Alex WILKINSON,,0,0,0,,3
332,Thiago MOTTA,,0,0,0,,3
333,Andrea PIRLO,,0,0,0,,3
334,Mark BRESCIANO,,0,0,0,,3
335,Andrés INIESTA,,0,0,0,,3
336,Fernando Torres,,0,0,0,,3
337,Walter AYOVI,,0,0,0,,3
338,Sergey IGNASHEVICH,,0,0,0,,3
339,Vasily Berezutski,,0,0,0,,3
340,Aleksandr Kerzhakov,,0,0,0,,3
341,Ivica Olic,,0,0,0,,3
342,Ashkan DEJAGAH,,0,0,0,,3
343,Wayne Rooney,,0,0,0,,3
344,Yaya Touré,,0,0,0,,3
345,Abel AGUILAR,,0,0,0,,3
346,Arthur BOKA,,0,0,0,,3
347,David SILVA,,0,0,0,,3
348,MIGUEL VELOSO,,0,0,0,,3
349,Adrián Ramos,,0,0,0,,3
350,Cristiano Ronaldo,,0,0,0,,3
351,Darijo Srna,,0,0,0,,3
352,Jorge VALDIVIA,,0,0,0,,3
353,Amir Hossein Sadeghi,,0,0,0,,3
354,Asamoah Gyan,,0,0,0,,3
355,BRUNO ALVES,,0,0,0,,3
356,Andrea BARZAGLI,,0,0,0,,3
357,Pierre Webó,,0,0,0,,3
358,Giorgio CHIELLINI,,0,0,0,,3
359,LEE Keunho,,0,0,0,,3
360,YUN Sukyoung,,0,0,0,,3
361,Carlo COSTLY,,0,0,0,,3
362,Christian NOBOA,,0,0,0,,3
363,Gervinho,,0,0,0,,3
364,Matteo DARMIAN,,0,0,0,,3
365,Shinji OKAZAKI,,0,0,0,,3
366,LEE Chungyong,,0,0,0,,3
367,Atsuto UCHIDA,,0,0,0,,3
368,Shinji KAGAWA,,0,0,0,,3
369,Nani,,0,0,0,,3
370,Luka Modric,,0,0,0,,3
371,Mehrdad POOLADI,,0,0,0,,3
372,Pejman MONTAZERI,,0,0,0,,3
373,Felipe Caicedo,,0,0,0,,3
374,Blerim DZEMAILI,,0,0,0,,3
375,Aleksandr Samedov,,0,0,0,,3
376,Charles ITANDJE,,0,0,0,,3
377,Randall BRENES,,0,0,0,,3
378,Carl MEDJANI,,0,0,0,,3
379,Hernanes,,0,0,0,,3
380,Keisuke HONDA,,0,0,0,,3
381,Jorge CLAROS,,0,0,0,,3
382,Alvaro PEREIRA,,0,0,0,,3
383,Victor FAYZULIN,,0,0,0,,3
384,Edin DZEKO,,0,0,0,,3
385,Vedad IBISEVIC,,0,0,0,,3
386,Miralem PJANIC,,0,0,0,,3
387,Nicolás Lodeiro,,0,0,0,,3
388,Alan Dzagoev,,0,0,0,,3
389,Alexander DOMINGUEZ,,0,0,0,,3
390,Roger ESPINOZA,,0,0,0,,3
391,Khosro HEYDARI,,0,0,0,,3
392,Jason DAVIDSON,,0,0,0,,3
393,Ryan McGOWAN,,0,0,0,,3
394,Tommy OAR,,0,0,0,,3
395,Daniel Sturridge,,0,0,0,,3
396,Nicolas N'Koulou,,0,0,0,,3
397,Yuto NAGATOMO,,0,0,0,,3
398,Kwadwo ASAMOAH,,0,0,0,,3
399,André Ayew,,0,0,0,,3
400,Benjamin Moukandjo,,0,0,0,,3
401,El Arabi SOUDANI,,0,0,0,,3
402,John Boye,,0,0,0,,3
403,Eric Maxim Choupo-Moting,,0,0,0,,3
404,Jonathan Mensah,,0,0,0,,3
405,Shkodran MUSTAFI,,0,0,0,,3
406,Gary Cahill,,0,0,0,,3
407,Jordi ALBA,,0,0,0,,3
408,Medhi LACEN,,0,0,0,,3
409,Mathew LECKIE,,0,0,0,,3
410,Konstantinos MITROGLOU,,0,0,0,,3
411,Marco FABIAN,,0,0,0,,3
412,Enzo PEREZ,,0,0,0,,3
413,Santiago Arias,,0,0,0,,3
414,Jackson MARTINEZ,,0,0,0,,3
415,DeAndre YEDLIN,,0,0,0,,3
416,Yacine BRAHIMI,,0,0,0,,3
417,Serge AURIER,,0,0,0,,3
418,Aleksandr Kokorin,,0,0,0,,3
419,Panagiotis KONE,,0,0,0,,3
420,Ivan Perišic,,0,0,0,,3
421,Éder,,0,0,0,,3
422,Reza Ghoochannejhad,,0,0,0,,3
423,BERNARD,,0,0,0,,3
424,Juan Quintero,,0,0,0,,3
425,Hotaru YAMAGUCHI,,0,0,0,,3
426,Wilfried BONY,,0,0,0,,3
427,Abdelmoumene DJABOU,,0,0,0,,3
428,Christian ATSU,,0,0,0,,3
429,Esseid BELKALEM,,0,0,0,,3
430,Alireza HAGHIGHI,,0,0,0,,3
431,Víctor Ibarbo,,0,0,0,,3
432,Brayan BECKELES,,0,0,0,,3
433,Mateo Kovacic,,0,0,0,,3
434,Christoph KRAMER,,0,0,0,,3
435,Aïssa Mandi,,0,0,0,,3
436,KIM Younggwon,,0,0,0,,3
437,Alireza JAHAN BAKHSH,,0,0,0,,3
438,Ben HALLORAN,,0,0,0,,3
439,Ahmed MUSA,,0,0,0,,4
440,Memphis Depay,,0,0,0,,4
441,Felipe GUTIÉRREZ,,0,0,0,,4
442,Josip DRMIC,,0,0,0,,4
443,Islam SLIMANI,,0,0,0,,4
444,Mathieu Debuchy,,0,0,0,,4
445,Laurent Koscielny,,0,0,0,,4
446,Admir MEHMEDI,,0,0,0,,4
447,Graham ZUSI,,0,0,0,,4
448,Jose CHOLEVAS,,0,0,0,,4
449,Kevin DE BRUYNE,,0,0,0,,4
450,Nacer Chadli,,0,0,0,,4
451,Romelu LUKAKU,,0,0,0,,4
452,Miguel LAYUN,,0,0,0,,4
453,Emmanuel Emenike,,0,0,0,,4
454,Matt BESLER,,0,0,0,,4
455,Ogenyi ONAZI,,0,0,0,,4
456,Moussa Sissoko,,0,0,0,,4
457,Sofiane FEGHOULI,,0,0,0,,4
458,Federico FERNANDEZ,,0,0,0,,4
459,Xherdan SHAQIRI,,0,0,0,,4
460,Ioannis MANIATIS,,0,0,0,,4
461,Rais MBOLHI,,0,0,0,,4
462,Héctor Herrera,,0,0,0,,4
463,Teofilo GUTIERREZ,,0,0,0,,4
464,Ricardo RODRIGUEZ,,0,0,0,,4
465,Fabian Johnson,,0,0,0,,4
466,Haris SEFEROVIC,,0,0,0,,4
467,Mathieu Valbuena,,0,0,0,,4
468,Alejandro Bedoya,,0,0,0,,4
469,Kevin MIRALLAS,,0,0,0,,4
470,Jeremain LENS,,0,0,0,,4
471,Christian Stuani,,0,0,0,,4
472,Gonzalo JARA,,0,0,0,,4
473,Juan ZUNIGA,,0,0,0,,4
474,Alexander MEJÍA,,0,0,0,,4
475,Theofanis GEKAS,,0,0,0,,4
476,Marcelo DIAZ,,0,0,0,,4
477,Michael BRADLEY,,0,0,0,,4
478,Giovani DOS SANTOS,,0,0,0,,4
479,Cristian RODRIGUEZ,,0,0,0,,4
480,Valon BEHRAMI,,0,0,0,,4
481,Javier HERNANDEZ,,0,0,0,,4
482,Mauricio ISLA,,0,0,0,,4
483,Alexis SANCHEZ,,0,0,0,,4
484,Oribe PERALTA,,0,0,0,,4
485,Orestis KARNEZIS,,0,0,0,,4
486,Gary MEDEL,,0,0,0,,4
487,Gokhan INLER,,0,0,0,,4
488,Edinson CAVANI,,0,0,0,,4
489,Marcos URENA,,0,0,0,,4
490,Eduardo VARGAS,,0,0,0,,4
491,Efe AMBROSE,,0,0,0,,4
492,Alvaro GONZALEZ,,0,0,0,,4
493,Mamadou SAKHO,,0,0,0,,4
494,Peter ODEMWINGIE,,0,0,0,,4
495,Francisco RODRIGUEZ,,0,0,0,,4
496,Claudio BRAVO,,0,0,0,,4
497,Clint Dempsey,,0,0,0,,4
498,Cristian ZAPATA,,0,0,0,,4
499,Diego BENAGLIO,,0,0,0,,4
500,Stephan LICHTSTEINER,,0,0,0,,4
501,Vincent ENYEAMA,,0,0,0,,4
502,Joseph YOBO,,0,0,0,,4
503,DaMarcus BEASLEY,,0,0,0,,4
504,Georgios KARAGOUNIS,,0,0,0,,4
505,Christian BOLANOS,,0,0,0,,5
506,Miroslav KLOSE,,0,0,0,,5
507,WILLIAN,,0,0,0,,5
508,Dirk KUYT,,0,0,0,,5
509,David OSPINA,,0,0,0,,5
510,Nigel de Jong,,0,0,0,,5
511,Celso BORGES,,0,0,0,,5
512,Rodrigo PALACIO,,0,0,0,,5
513,Marouane FELLAINI,,0,0,0,,5
514,Karim Benzema,,0,0,0,,5
515,Hugo LLORIS,,0,0,0,,5
516,Cristian GAMBOA,,0,0,0,,5
517,Joel CAMPBELL,,0,0,0,,5
518,Juan CUADRADO,,0,0,0,,5
519,Daryl JANMAAT,,0,0,0,,5
520,Daniel VAN BUYTEN,,0,0,0,,5
521,Dries MERTENS,,0,0,0,,5
522,Thibaut COURTOIS,,0,0,0,,5
523,Raphaël VARANE,,0,0,0,,5
524,Olivier Giroud,,0,0,0,,5
525,Antoine Griezmann,,0,0,0,,5
526,Divock ORIGI,,0,0,0,,5
527,PAULINHO,,0,0,0,,6
528,Mario GOETZE,,0,0,0,,6
529,Mats HUMMELS,,0,0,0,,6
530,Andre SCHUERRLE,,0,0,0,,6
531,Ezequiel LAVEZZI,,0,0,0,,6
532,FRED,,0,0,0,,6
533,Marcelo,,0,0,0,,6
534,Per MERTESACKER,,0,0,0,,6
535,Fernando GAGO,,0,0,0,,6
536,Wesley SNEIJDER,,0,0,0,,6
537,Pablo ZABALETA,,0,0,0,,7
538,Manuel NEUER,,0,0,0,,7
539,Ron VLAAR,,0,0,0,,7
540,Lionel MESSI,,0,0,0,,7
541,Gonzalo HIGUAIN,,0,0,0,,7
542,Toni KROOS,,0,0,0,,7
543,DAVID LUIZ,,0,0,0,,7
544,Mesut OEZIL,,0,0,0,,7
545,Jerome BOATENG,,0,0,0,,7
546,Thomas MUELLER,,0,0,0,,7
547,Georginio Wijnaldum,,0,0,0,,7
548,Jasper CILLESSEN,,0,0,0,,7
1,FELIPE MELO,M,1,0,1,291,4
2,Harry KEWELL,F,0,0,1,24,1
3,Valon BEHRAMI,M,0,0,1,31,1
4,Sani KAITA,M,0,0,1,123,2
5,Aleksandar LUKOVIC,D,1,1,0,164,2
6,Yoann GOURCUFF,M,0,0,1,100,2
7,Itumeleng KHUNE,GK,0,0,1,166,2
8,RICARDO COSTA,D,0,0,1,179,2
9,Tim CAHILL,F,0,0,1,146,2
10,KAKA,M,1,1,0,337,4
11,Victor CACERES,M,3,0,0,354,4
12,Gregory VAN DER WIEL,D,3,0,0,480,5
13,Luis SUAREZ,F,0,0,1,543,6
14,Nigel DE JONG,M,3,0,0,547,6
15,John HEITINGA,D,1,1,0,649,7
16,Marco ESTRADA,M,0,1,0,37,1
17,Kagisho DIKGACOI,M,2,0,0,180,2
18,Abdelkader GHEZZAL,F,0,1,0,40,2
19,Simon KJAER,D,2,0,0,180,2
20,Jeremy TOULALAN,M,2,0,0,180,2
21,Matias FERNANDEZ,M,2,0,0,155,2
22,Jamie CARRAGHER,D,2,0,0,135,2
23,Craig MOORE,D,2,0,0,180,2
24,Hassan YEBDA,M,2,0,0,268,3
25,Zdenko STRBA,M,2,0,0,267,3
26,Anther YAHIA,D,0,1,0,270,3
27,Wilson PALACIOS,M,2,0,0,270,3
28,Chinedu OGBUKE OBASI,F,2,0,0,195,3
29,Stephane MBIA,D,2,0,0,270,3
30,Waldo PONCE,D,2,0,0,270,3
31,Jonas GUTIERREZ,M,2,0,0,191,3
32,Ryan NELSEN,D,2,0,0,270,3
33,Carlos CARMONA,M,2,0,0,270,3
34,Gary MEDEL,D,2,0,0,270,3
35,Efrain JUAREZ,D,2,0,0,235,3
36,Jonathan MENSAH,D,2,0,0,300,3
37,Nicolas LODEIRO,M,0,1,0,109,3
38,Bojan JOKIC,D,2,0,0,270,3
39,Nicolas NKOULOU,D,2,0,0,253,3
40,Robbie FINDLEY,F,2,0,0,167,3
41,Medhi LACEN,M,2,0,0,270,3
42,Andre AYEW,M,2,0,0,389,4
43,Yuto NAGATOMO,D,2,0,0,390,4
44,RAMIRES,M,2,0,0,105,4
45,CACAU,F,2,0,0,205,4
46,Glen JOHNSON,D,2,0,0,357,4
47,TIAGO,M,2,0,0,298,4
48,Steve CHERUNDOLO,D,2,0,0,390,4
49,Javier MASCHERANO,M,2,0,0,360,4
50,Yasuhito ENDO,M,2,0,0,389,4
51,Miroslav KLOSE,F,0,1,0,357,5
52,Arjen ROBBEN,F,2,0,0,387,5
53,Jorge FUCILE,D,2,0,0,461,5
54,Thomas MUELLER,M,2,0,0,473,6
55,Robin VAN PERSIE,F,2,0,0,599,7
56,Mark VAN BOMMEL,M,2,0,0,660,7
57,Giovanni VAN BRONCKHORST,D,2,0,0,645,7
58,Diego PEREZ,M,2,0,0,644,7
59,Arne FRIEDRICH,D,2,0,0,630,7
60,Dennis AOGO,D,1,0,0,90,1
61,Michael BEAUCHAMP,D,1,0,0,90,1
62,Andre OOIJER,D,1,0,0,90,1
63,DaMarcus BEASLEY,M,1,0,0,10,1
64,Ismael FUENTES,D,1,0,0,90,1
65,Israel CASTRO,M,1,0,0,33,1
66,Per KROLDRUP,D,1,0,0,56,1
67,Yussuf AYILA,M,1,0,0,90,1
68,Fabio QUAGLIARELLA,F,1,0,0,45,1
69,Sokratis PAPASTATHOPOULOS,D,1,0,0,127,2
70,Mario BOLATTI,M,1,0,0,98,2
71,PEPE,M,1,0,0,136,2
72,Jonathan SANTANA,M,1,0,0,120,2
73,Isaac VORSAH,D,1,0,0,210,2
74,Lukman HARUNA,M,1,0,0,180,2
75,Aleksandar KOLAROV,D,1,0,0,180,2
76,Sebastien BASSONG,D,1,0,0,162,2
77,Hector MORENO,D,1,0,0,147,2
78,Martin CACERES,D,1,0,0,180,2
79,Neven SUBOTIC,D,1,0,0,104,2
80,Emilio IZAGUIRRE,D,1,0,0,180,2
81,Milos NINKOVIC,M,1,0,0,160,2
82,Guy DEMEL,D,1,0,0,180,2
83,Mauro CAMORANESI,M,1,0,0,76,2
84,HUGO ALMEIDA,F,1,0,0,135,2
85,Eric ABIDAL,D,1,0,0,180,2
86,Khalid BOULAHROUZ,D,1,0,0,180,2
87,Hakan YAKIN,M,1,0,0,56,2
88,Danilo TURCIOS,M,1,0,0,66,2
89,David SUAZO,F,1,0,0,171,2
90,Siaka TIENE,D,1,0,0,180,2
91,Patrice EVRA,D,1,0,0,180,2
92,Ricardo CLARK,M,1,0,0,121,2
93,Kamil KOPUNEK,M,1,0,0,22,2
94,Hendry THOMAS,M,1,0,0,114,2
95,Humberto SUAZO,F,1,0,0,135,2
96,DUDA,D,1,0,0,70,2
97,Andrej KOMAC,M,1,0,0,4,2
98,Bostjan CESAR,D,1,0,0,270,3
99,Christian POULSEN,M,1,0,0,270,3
100,Aleksandar RADOSAVLJEVIC,M,1,0,0,267,3
101,KIM Nam Il,M,1,0,0,87,3
102,CHA Du Ri,D,1,0,0,270,3
103,Vincent ENYEAMA,GK,1,0,0,270,3
104,Steven PIENAAR,M,1,0,0,252,3
105,Diego BENAGLIO,GK,1,0,0,270,3
106,Zdravko KUZMANOVIC,M,1,0,0,180,3
107,James MILNER,M,1,0,0,185,3
108,PAK Chol Jin,D,1,0,0,270,3
109,HONG Yong Jo,F,1,0,0,270,3
110,Tranquillo BARNETTA,M,1,0,0,227,3
111,Fabio CANNAVARO,D,1,0,0,270,3
112,Thomas SORENSEN,GK,1,0,0,270,3
113,Tony LOCHHEAD,D,1,0,0,270,3
114,Didier ZOKORA,M,1,0,0,270,3
115,Kader KEITA,F,1,0,0,94,3
116,Blaise NKUFO,F,1,0,0,227,3
117,Brett EMERTON,M,1,0,0,254,3
118,Lucas NEILL,D,1,0,0,270,3
119,Rodrigo MILLAR,M,1,0,0,125,3
120,Luke WILKSHIRE,D,1,0,0,256,3
121,Carl VALERI,M,1,0,0,246,3
122,Zlatko DEDIC,F,1,0,0,84,3
123,Reto ZIEGLER,D,1,0,0,270,3
124,Gelson FERNANDES,M,1,0,0,212,3
125,Nikola ZIGIC,F,1,0,0,226,3
126,Stephane GRICHTING,D,1,0,0,270,3
127,Konstantinos KATSOURANIS,M,1,0,0,234,3
128,Giorgio CHIELLINI,D,1,0,0,270,3
129,Branislav IVANOVIC,D,1,0,0,270,3
130,Stanislav SESTAK,F,1,0,0,152,3
131,Vasileios TOROSIDIS,D,1,0,0,235,3
132,Alexandros TZIOLIS,M,1,0,0,270,3
133,Gokhan INLER,M,1,0,0,270,3
134,Simone PEPE,M,1,0,0,225,3
135,Nicklas BENDTNER,F,1,0,0,242,3
136,Franck RIBERY,F,1,0,0,270,3
137,Prince TAGOE,F,1,0,0,210,3
138,Tsepo MASILELA,D,1,0,0,225,3
139,Ismael TIOTE,M,1,0,0,270,3
140,Tommy SMITH,D,1,0,0,270,3
141,Rory FALLON,F,1,0,0,222,3
142,Nicolas OTAMENDI,D,1,0,0,250,3
143,Vladimir WEISS,M,1,0,0,269,3
144,Lee ADDY,D,1,0,0,138,3
145,Winston REID,D,1,0,0,270,3
146,Marko SULER,D,1,0,0,270,3
147,Andraz KIRM,M,1,0,0,259,3
148,Valter BIRSA,M,1,0,0,261,3
149,Peter PEKARIK,D,1,0,0,270,3
150,Nemanja VIDIC,D,1,0,0,270,3
151,Abou DIABY,M,1,0,0,270,3
152,Georgios SAMARAS,F,1,0,0,202,3
153,Osman CHAVEZ,D,1,0,0,270,3
154,Juraj KUCKA,M,1,0,0,181,3
155,Jan MUCHA,GK,1,0,0,360,4
156,Antolin ALCARAZ,D,1,0,0,390,4
157,Jay DeMERIT,D,1,0,0,390,4
158,FABIO COENTRAO,D,1,0,0,360,4
159,LEE Chungyong,M,1,0,0,359,4
160,Guillermo FRANCO,F,1,0,0,254,4
161,YEOM Ki Hun,M,1,0,0,249,4
162,Arturo VIDAL,M,1,0,0,306,4
163,Keisuke HONDA,M,1,0,0,390,4
164,CHO Yong Hyung,D,1,0,0,360,4
165,Jozy ALTIDORE,F,1,0,0,357,4
166,Jan DURICA,D,1,0,0,360,4
167,Steven GERRARD,M,1,0,0,360,4
168,Javier HERNANDEZ,F,1,0,0,169,4
169,Robert VITTEK,F,1,0,0,353,4
170,John MENSAH,D,1,0,0,420,4
171,Rafael MARQUEZ,D,1,0,0,360,4
172,Gerardo TORRADO,M,1,0,0,360,4
173,KIM Jung Woo,M,1,0,0,360,4
174,Francisco RODRIGUEZ,D,1,0,0,360,4
175,Jorge VALDIVIA,M,1,0,0,222,4
176,CRISTIANO RONALDO,F,1,0,0,360,4
177,Gabriel HEINZE,D,1,0,0,360,4
178,Martin SKRTEL,D,1,0,0,360,4
179,Daisuke MATSUI,M,1,0,0,272,4
180,Yuki ABE,M,1,0,0,351,4
181,Carlos BOCANEGRA,D,1,0,0,390,4
182,PEDRO MENDES,M,1,0,0,224,4
183,Claudio MOREL,D,1,0,0,480,5
184,LUIS FABIANO,F,1,0,0,418,5
185,Roque SANTA CRUZ,F,1,0,0,314,5
186,John PANTSIL,D,1,0,0,510,5
187,JUAN,D,1,0,0,450,5
188,Hans SARPEI,D,1,0,0,463,5
189,Rafael VAN DER VAART,M,1,0,0,278,5
190,Cristian RIVEROS,M,1,0,0,480,5
191,Enrique VERA,M,1,0,0,414,5
192,Mauricio VICTORINO,D,1,0,0,435,5
193,Anthony ANNAN,M,1,0,0,510,5
194,MICHEL BASTOS,D,1,0,0,422,5
195,Diego LUGANO,D,1,0,0,488,6
196,Joris MATHIJSEN,D,1,0,0,570,6
197,Andres INIESTA,M,1,0,0,557,6
198,Philipp LAHM,D,1,0,0,540,6
199,Bastian SCHWEINSTEIGER,M,1,0,0,621,7
200,Sami KHEDIRA,M,1,0,0,608,7
201,Xabi ALONSO,M,1,0,0,593,7
202,Maarten STEKELENBURG,GK,1,0,0,660,7
203,Joan CAPDEVILA,D,1,0,0,660,7
204,Carles PUYOL,D,1,0,0,654,7
205,Xavi HERNANDEZ,M,1,0,0,636,7
206,Dirk KUYT,F,1,0,0,587,7
207,Sergio RAMOS,D,1,0,0,647,7
208,Gerard PIQUE,D,1,0,0,660,7
209,Wesley SNEIJDER,M,1,0,0,652,7
210,Mesut OEZIL,M,1,0,0,586,7
211,Sergio BUSQUETS,M,1,0,0,631,7
212,Maximiliano PEREIRA,D,1,0,0,660,7
213,Egidio AREVALO,M,1,0,0,660,7
1,Zinedine ZIDANE,M,3,0,1,559,6
2,Asamoah GYAN,F,2,1,0,255,3
3,Daniele DE ROSSI,M,1,0,1,177,3
4,COSTINHA,M,2,1,0,285,5
5,Mateja KEZMAN,F,0,0,1,132,2
6,Tomas UJFALUSI,D,0,0,1,155,2
7,ANDRE,M,1,1,0,169,2
8,Pablo MASTROENI,D,0,0,1,91,2
9,Leandro CUFRE,D,0,0,1,90,2
10,Vyacheslav SVIDERSKYI,D,3,0,0,200,3
11,Brett EMERTON,M,1,1,0,267,3
12,Zied JAZIRI,F,1,1,0,225,3
13,Sulley MUNTARI,M,3,0,0,270,3
14,Albert NADJ,M,1,1,0,165,3
15,Vladyslav VASHCHUK,D,0,0,1,213,3
16,Giovanni VAN BRONCKHORST,D,1,1,0,270,3
17,Khalid BOULAHROUZ,D,1,1,0,202,4
18,Wayne ROONEY,F,0,0,1,253,4
19,DECO,M,1,1,0,338,4
20,Marco MATERAZZI,D,0,0,1,363,4
21,Teddy LUCIC,D,1,1,0,305,4
22,Gianluca ZAMBROTTA,D,3,0,0,600,6
23,Willy SAGNOL,D,3,0,0,660,7
24,Cyrille DOMORAUD,D,0,1,0,90,1
25,Jean-Paul ABALO,D,0,1,0,143,2
26,Vratislav LOKVENC,F,2,0,0,135,2
27,Avery JOHN,D,0,1,0,77,2
28,Eddie POPE,D,0,1,0,137,2
29,Robert KOVAC,D,2,0,0,180,2
30,Luis PEREZ,M,0,1,0,106,2
31,Tsuneyasu MIYAMOTO,D,2,0,0,180,2
32,Javad NEKOUNAM,M,2,0,0,180,2
33,Ognjen KOROMAN,M,2,0,0,97,2
34,Radoslaw SOBOLEWSKI,M,0,1,0,142,2
35,Alaixys ROMAO,M,2,0,0,180,2
36,Didier DROGBA,F,2,0,0,180,2
37,Riadh BOUAZIZI,M,2,0,0,191,3
38,LOCO,D,2,0,0,270,3
39,Louis SAHA,F,2,0,0,29,3
40,ZE KALANGA,M,2,0,0,243,3
41,Artur BORUC,GK,2,0,0,270,3
42,Goran GAVRANCIC,D,2,0,0,270,3
43,Josip SIMUNIC,D,0,1,0,270,3
44,Mehrzad MADANCHI,M,2,0,0,183,3
45,LEE Chun Soo,F,2,0,0,252,3
46,Carles PUYOL,D,2,0,0,270,3
47,Jan POLAK,M,0,1,0,98,3
48,Mark VAN BOMMEL,M,2,0,0,217,3
49,Aurtis WHITLEY,M,2,0,0,181,3
50,Radhi JAIDI,D,2,0,0,270,3
51,Luis MARIN,D,2,0,0,270,3
52,Carlos PAREDES,M,2,0,0,270,3
53,Michael ESSIEN,M,2,0,0,270,3
54,Dario SIMIC,D,0,1,0,265,3
55,Igor TUDOR,D,2,0,0,250,3
56,Moustapha SALIFOU,F,2,0,0,241,3
57,Gerardo TORRADO,M,2,0,0,217,3
58,CAFU (Marcos Evangelista de Moraes),D,2,0,0,346,4
59,Juan SORIN,D,2,0,0,420,4
60,Ulises DE LA CRUZ,D,2,0,0,360,4
61,Stephen APPIAH,M,2,0,0,360,4
62,Owen HARGREAVES,M,2,0,0,307,4
63,Marcus ALLBACK,F,2,0,0,165,4
64,Vince GRELLA,M,2,0,0,333,4
65,Rafael MARQUEZ,D,2,0,0,390,4
66,Gabriel HEINZE,D,2,0,0,420,4
67,Antonio VALENCIA,M,2,0,0,316,4
68,David ODONKOR,M,2,0,0,122,4
69,Andriy RUSOL,D,2,0,0,314,4
70,Maksym KALINICHENKO,M,2,0,0,330,4
71,Tim CAHILL,M,2,0,0,273,4
72,John TERRY,D,2,0,0,480,5
73,Mauro CAMORANESI,M,2,0,0,353,5
74,JUAN,D,2,0,0,450,5
75,Javier MASCHERANO,M,2,0,0,510,5
76,RONALDO,F,2,0,0,411,5
77,Torsten FRINGS,M,2,0,0,541,6
78,PETIT,M,2,0,0,394,6
79,Gennaro GATTUSO,M,2,0,0,552,6
80,Christoph METZELDER,D,2,0,0,600,6
81,Tim BOROWSKI,M,2,0,0,246,6
82,RICARDO CARVALHO,D,2,0,0,570,6
83,NUNO VALENTE,D,2,0,0,549,6
84,Eric ABIDAL,D,2,0,0,570,6
85,MANICHE,M,2,0,0,565,7
86,Claude MAKELELE,M,2,0,0,660,7
88,Vladimir YEZERSKYI,D,1,0,0,90,1
89,Yassine CHIKHAOUI,F,1,0,0,82,1
90,Tim DE CLER,D,1,0,0,90,1
91,Christoph SPYCHER,D,1,0,0,90,1
92,Francisco RODRIGUEZ,D,1,0,0,45,1
93,RICARDO COSTA,D,1,0,0,90,1
94,Jose Antonio REYES,M,1,0,0,70,1
95,Haykel GUEMAMDIA,F,1,0,0,10,1
96,PARK Chuyoung,F,1,0,0,66,1
97,BOA MORTE,F,1,0,0,10,1
98,Teruyuki MONIWA,D,1,0,0,33,1
99,Gabriel BADILLA,D,1,0,0,90,1
100,Carlos MARCHENA,D,1,0,0,90,1
101,GILBERTO MELO,D,1,0,0,90,1
102,Eddie LEWIS,D,1,0,0,164,2
103,DAVID ALBELDA,M,1,0,0,125,2
104,Otto ADDO,M,1,0,0,90,2
105,Shaka HISLOP,GK,1,0,0,180,2
106,Luke WILKSHIRE,M,1,0,0,165,2
107,Edgar BARRETO,M,1,0,0,99,2
108,Cyd GRAY,D,1,0,0,180,2
109,Kader KEITA,M,1,0,0,150,2
110,Julio CRUZ,F,1,0,0,61,2
111,Yahya GOLMOHAMMADI,D,1,0,0,178,2
112,Yao AZIAWONOU,M,1,0,0,94,2
113,Nawaf AL TEMIYAT,M,1,0,0,144,2
114,NUNO GOMES,F,1,0,0,42,2
115,Kenwyne JONES,F,1,0,0,129,2
116,KIM Jin Kyu,D,1,0,0,136,2
117,KIM Young Chul,D,1,0,0,180,2
118,Julio DOS SANTOS,M,1,0,0,118,2
119,Danny FONSECA,M,1,0,0,119,2
120,Akira KAJI,D,1,0,0,180,2
121,KIM Dong Jin,D,1,0,0,180,2
122,Ferydoon ZANDI,M,1,0,0,115,2
123,Anis AYARI,D,1,0,0,180,2
124,Omar AL GHAMDI,M,1,0,0,180,2
125,Jose CASTRO,D,1,0,0,141,2
126,Milan DUDIC,D,1,0,0,180,2
127,Habib MOHAMED,D,1,0,0,180,2
128,JAMBA,D,1,0,0,270,3
129,Dirk KUYT,F,1,0,0,201,3
130,Johan DJOUROU,D,1,0,0,86,3
131,Andranik TIMOTIAN,M,1,0,0,270,3
132,Jorge NUNEZ,D,1,0,0,188,3
133,Joris MATHIJSEN,D,1,0,0,232,3
134,Cherif Toure MAMAM,M,1,0,0,236,3
135,Densill THEOBALD,M,1,0,0,241,3
136,Jaouhar MNARI,M,1,0,0,270,3
137,David ROZEHNAL,D,1,0,0,270,3
138,Adel CHEDLI,M,1,0,0,228,3
139,Saud KARIRI,M,1,0,0,270,3
140,Karim HAGGUI,D,1,0,0,270,3
141,Darijo SRNA,M,1,0,0,267,3
142,Michael UMANA,D,1,0,0,270,3
143,Marco STRELLER,F,1,0,0,125,3
144,Philippe SENDEROS,D,1,0,0,233,3
145,Arkadiusz RADOMSKI,M,1,0,0,244,3
146,Arthur BOKA,D,1,0,0,270,3
147,Emmanuel EBOUE,D,1,0,0,270,3
148,Leonardo GONZALEZ,D,1,0,0,236,3
149,LEE Ho,M,1,0,0,249,3
150,Luis GONZALEZ,M,1,0,0,152,3
151,Nelson VALDEZ,F,1,0,0,246,3
152,Marcin BASZCZYNSKI,D,1,0,0,270,3
153,Ebi SMOLAREK,M,1,0,0,265,3
154,Alessandro SANTOS,D,1,0,0,270,3
155,Carlos TENORIO,F,1,0,0,182,3
156,PAULO FERREIRA,D,1,0,0,147,3
157,Derek BOATENG,M,1,0,0,120,3
158,Hossein KAEBI,D,1,0,0,247,3
159,Segundo CASTILLO,M,1,0,0,270,3
160,John HEITINGA,D,1,0,0,158,3
161,Arjen ROBBEN,F,1,0,0,270,3
162,Ivan HURTADO,D,1,0,0,249,3
163,Ronald GOMEZ,F,1,0,0,262,3
164,EMERSON,M,1,0,0,207,3
165,Hatem TRABELSI,D,1,0,0,270,3
166,Oguchi ONYEWU,D,1,0,0,270,3
167,Dejan STANKOVIC,M,1,0,0,270,3
168,Massamasso TCHANGAI,D,1,0,0,270,3
169,Ahmed AL DOSARI,D,1,0,0,235,3
170,CHOI Jin Cheul,D,1,0,0,270,3
171,JOAO RICARDO,GK,1,0,0,270,3
172,Denis CANIZA,D,1,0,0,269,3
173,AHN Jung Hwan,F,1,0,0,89,3
174,Roberto ACUNA,M,1,0,0,270,3
175,Yoshikatsu KAWAGUCHI,GK,1,0,0,270,3
176,Niko KOVAC,M,1,0,0,221,3
177,Mauricio SOLIS,M,1,0,0,258,3
178,Jacek BAK,D,1,0,0,270,3
179,Claudio REYNA,M,1,0,0,220,3
180,Dwight YORKE,F,1,0,0,270,3
181,Sami AL JABER,F,1,0,0,89,3
182,Brent SANCHO,D,1,0,0,270,3
183,Michal ZEWLAKOW,D,1,0,0,263,3
184,Jacek KRZYNOWEK,M,1,0,0,245,3
185,Hakan YAKIN,M,1,0,0,179,3
186,Javier SAVIOLA,F,1,0,0,218,3
187,Emmanuel ADEBAYOR,F,1,0,0,255,3
188,MENDONCA,M,1,0,0,270,3
189,Ludovic MAGNIN,D,1,0,0,300,3
190,Rafael VAN DER VAART,M,1,0,0,164,3
191,Stipe PLETIKOSA,GK,1,0,0,270,3
192,Igor DULJAJ,M,1,0,0,270,3
193,Mladen KRSTAJIC,D,1,0,0,196,3
194,Zdenek GRYGERA,D,1,0,0,270,3
195,Tomas ROSICKY,M,1,0,0,266,3
196,Aruna DINDANE,F,1,0,0,153,3
197,DELGADO,D,1,0,0,270,3
198,Didier ZOKORA,M,1,0,0,270,3
199,Naohiro TAKAHARA,F,1,0,0,181,3
200,Jason CULINA,M,1,0,0,360,4
201,Jamie CARRAGHER,D,1,0,0,162,4
202,Alexander FREI,F,1,0,0,384,4
203,Tobias LINDEROTH,M,1,0,0,347,4
204,Ricardo CABANAS,M,1,0,0,377,4
205,Edison MENDEZ,M,1,0,0,360,4
206,Henrik LARSSON,F,1,0,0,360,4
207,Niclas ALEXANDERSSON,M,1,0,0,360,4
208,John ALOISI,F,1,0,0,72,4
209,Craig MOORE,D,1,0,0,310,4
210,Andre OOIJER,D,1,0,0,360,4
211,Johann VOGEL,M,1,0,0,390,4
212,Raphael WICKY,M,1,0,0,380,4
213,Hernan CRESPO,F,1,0,0,308,4
214,ADRIANO,F,1,0,0,266,4
215,Fredrik LJUNGBERG,M,1,0,0,360,4
216,John PANTSIL,D,1,0,0,360,4
217,John MENSAH,D,1,0,0,360,4
218,Mattias JONSON,F,1,0,0,140,4
219,Illiasu SHILLA,D,1,0,0,314,4
220,Cesc FABREGAS,M,1,0,0,213,4
221,Philipp DEGEN,D,1,0,0,390,4
222,ROBINHO,F,1,0,0,140,4
223,Peter CROUCH,F,1,0,0,321,4
224,Gonzalo PINEDA,D,1,0,0,291,4
225,Tranquillo BARNETTA,M,1,0,0,390,4
226,Wesley SNEIJDER,M,1,0,0,316,4
227,Jose FONSECA,F,1,0,0,264,4
228,Cristian MORA,GK,1,0,0,360,4
229,Artem MILEVSKIY,F,1,0,0,87,4
230,ZINHA,M,1,0,0,188,4
231,Carlos SALCIDO,D,1,0,0,390,4
232,Eric ADDO,M,1,0,0,191,4
233,Oleg SHELAYEV,M,1,0,0,435,5
234,Vincenzo IAQUINTA,F,1,0,0,187,5
235,Steven GERRARD,M,1,0,0,410,5
236,Paul ROBINSON,GK,1,0,0,480,5
237,Frank LAMPARD,M,1,0,0,480,5
238,Esteban CAMBIASSO,M,1,0,0,377,5
239,Maxi RODRIGUEZ,M,1,0,0,495,5
240,Andriy NESMACHNYI,D,1,0,0,480,5
241,Anatoliy TYMOSCHUK,M,1,0,0,480,5
242,LUCIO,D,1,0,0,450,5
243,Michael BALLACK,M,1,0,0,510,5
244,PAULETA,F,1,0,0,434,6
245,MIGUEL,D,1,0,0,513,6
246,Arne FRIEDRICH,D,1,0,0,574,6
247,CRISTIANO RONALDO,F,1,0,0,514,6
248,Fabio GROSSO,D,1,0,0,600,6
249,Florent MALOUDA,M,1,0,0,506,6
250,Franck RIBERY,M,1,0,0,516,7
251,Bastian SCHWEINSTEIGER,M,1,0,0,529,7
252,Lukas PODOLSKI,F,1,0,0,636,7
253,Patrick VIEIRA,M,1,0,0,587,7
254,Lilian THURAM,D,1,0,0,660,7
255,Francesco TOTTI,M,1,0,0,467,7
256,LUIS FIGO,F,1,0,0,537,7
257,RICARDO,GK,1,0,0,660,7
1,Alpay OZALAN,D,2,0,1,476,5
2,Salif DIAO,M,1,0,1,290,3
3,Roberto ACUNA,M,1,0,1,360,4
4,RONALDINHO,M,1,0,1,336,5
5,Boris ZIVKOVIC,D,0,0,1,59,1
6,Claudio CANIGGIA,F,0,0,1,0,1
7,Thierry HENRY,F,0,0,1,115,2
8,SHAO Jiayi,M,0,0,1,36,2
9,Nastja CEH,M,0,0,1,49,2
10,BETO,D,1,1,0,183,3
11,JOAO PINTO,F,0,0,1,177,3
12,Francesco TOTTI,F,1,1,0,345,4
13,Rafael MARQUEZ,M,0,0,1,358,4
14,Michael BALLACK,M,3,0,0,540,6
15,Emre BELOZOGLU,M,3,0,0,464,6
16,Tugay KERIMOGLU,M,3,0,0,650,7
17,Emmanuel PETIT,M,2,0,0,180,2
18,Piotr SWIERCZEWSKI,M,2,0,0,180,2
19,Emre ASIK,D,2,0,0,180,2
20,Marcelo ROMERO,M,2,0,0,116,2
21,Hassan GABSI,M,2,0,0,134,2
22,Patrick SUFFO,F,0,1,0,45,2
23,Dmitry ALENICHEV,M,2,0,0,102,2
24,Carlos PAREDES,M,0,1,0,112,2
25,Gregg BERHALTER,D,2,0,0,180,2
26,Zeljko MILINOVIC,D,2,0,0,270,3
27,Miran PAVLIN,M,2,0,0,220,3
28,Aaron MOKOENA,D,2,0,0,270,3
29,Pablo GARCIA,M,2,0,0,270,3
30,Christian POULSEN,M,2,0,0,105,3
31,Pablo MASTROENI,D,2,0,0,269,3
32,Amir KARIC,M,2,0,0,270,3
33,Andrei SOLOMATIN,M,2,0,0,270,3
34,JORGE COSTA,D,2,0,0,253,3
35,Fabio CANNAVARO,D,2,0,0,270,3
36,Clever CHALA,M,2,0,0,265,3
37,Khalilou FADIGA,M,2,0,0,390,4
38,Christian ZIEGE,D,2,0,0,360,4
39,Hakan UNSAL,D,0,1,0,319,4
40,Frankie HEJDUK,D,2,0,0,335,4
41,Ruben BARAJA,M,2,0,0,420,4
42,Aliou CISSE,D,2,0,0,420,4
43,Yves VANDERHAEGHE,M,2,0,0,360,4
44,Kazuyuki TODA,M,2,0,0,360,4
45,Ferdinand COLY,D,2,0,0,483,5
46,Omar DAF,D,2,0,0,510,5
47,Eddie POPE,D,2,0,0,440,5
48,Carsten RAMELOW,M,0,1,0,400,5
49,Hasan SAS,F,2,0,0,565,6
50,Didi HAMANN,M,2,0,0,540,6
51,ROQUE JUNIOR,D,2,0,0,540,6
52,KIM Taeyoung,D,2,0,0,557,7
53,Radoslaw MAJDAN,GK,1,0,0,90,1
54,Riadh BOUAZIZI,M,1,0,0,90,1
55,Cezary KUCHARSKI,F,1,0,0,65,1
56,Matias ALMEYDA,M,1,0,0,63,1
57,Gustavo MENDEZ,D,1,0,0,90,1
58,Masashi NAKAYAMA,F,1,0,0,18,1
59,Jose CHAMOT,D,1,0,0,90,1
60,Alberto GARCIA ASPE,M,1,0,0,12,1
61,Arkadiusz BAK,M,1,0,0,74,1
62,Ricardo TAVARELLI,GK,1,0,0,90,1
63,Vincenzo MONTELLA,F,1,0,0,35,1
64,Pierre ISSA,D,1,0,0,27,1
65,Frank BAUMANN,D,1,0,0,30,1
66,Muamer VUGDALIC,D,1,0,0,90,1
67,Pape THIAW,F,1,0,0,120,1
68,FRECHAUT,D,1,0,0,63,1
69,Dmitri SENNIKOV,D,1,0,0,47,1
70,Mourad EL MELKI,M,1,0,0,88,1
71,Steven REID,F,1,0,0,30,2
72,Igor SEMSHOV,M,1,0,0,134,2
73,Ruslan PIMENOV,F,1,0,0,134,2
74,Peter VAN DER HEYDEN,D,1,0,0,180,2
75,YANG Pu,D,1,0,0,118,2
76,Sebastian KEHL,D,1,0,0,136,2
77,Josh WOLFF,F,1,0,0,67,2
78,Alexei SMERTIN,M,1,0,0,91,2
79,Francesco COCO,D,1,0,0,147,2
80,Diego SIMEONE,M,1,0,0,180,2
81,Jan HEINTZE,D,1,0,0,148,2
82,Mohammed NOOR,M,1,0,0,94,2
83,Ivan KAVIEDES,F,1,0,0,67,2
84,Efetobore SODJE,D,1,0,0,163,2
85,Siyabonga NOMVETHE,F,1,0,0,145,2
86,Eric VAN MEIR,D,1,0,0,91,2
87,Jason McATEER,M,1,0,0,54,2
88,Juan Carlos FRANCO,D,1,0,0,5,2
89,LEE Min Sung,D,1,0,0,124,2
90,Kais GHODHBANE,M,1,0,0,180,2
91,Taribo WEST,D,1,0,0,180,2
92,Tomasz HAJTO,D,1,0,0,180,2
93,Cristian GONZALEZ,F,1,0,0,135,3
94,Ronald GOMEZ,F,1,0,0,270,3
95,Luis MARIN,D,1,0,0,270,3
96,Luis HERNANDEZ,F,1,0,0,97,3
97,Benni McCARTHY,F,1,0,0,248,3
98,Rigobert SONG,D,1,0,0,270,3
99,Niclas JENSEN,D,1,0,0,212,3
100,Carsten JANCKER,F,1,0,0,186,3
101,RUI JORGE,D,1,0,0,232,3
102,Jesus ARELLANO,F,1,0,0,270,3
103,Christophe DUGARRY,F,1,0,0,85,3
104,Jose CARDOZO,F,1,0,0,214,3
105,Khaled BADRA,D,1,0,0,264,3
106,Mladen RUDONJA,F,1,0,0,230,3
107,Ales CEH,M,1,0,0,270,3
108,Sebastijan CIMIROTIC,F,1,0,0,164,3
109,Dmitry KHOKHLOV,M,1,0,0,174,3
110,Dario SILVA,F,1,0,0,240,3
111,Jeff AGOOS,D,1,0,0,216,3
112,Sebastian ABREU,F,1,0,0,223,3
113,Paolo MONTERO,D,1,0,0,270,3
114,Raymond KALLA,D,1,0,0,270,3
115,Marc-Vivien FOE,M,1,0,0,270,3
116,Marek KOZMINSKI,M,1,0,0,270,3
117,LI Tie,M,1,0,0,270,3
118,Pierre WOME,D,1,0,0,264,3
119,Mauricio SOLIS,M,1,0,0,245,3
120,Jose CEVALLOS,GK,1,0,0,270,3
121,Ulises DE LA CRUZ,D,1,0,0,270,3
122,Agustin DELGADO,F,1,0,0,270,3
123,Cyril NZAMA,D,1,0,0,270,3
124,Augusto POROSO,D,1,0,0,270,3
125,Walter SAMUEL,D,1,0,0,270,3
126,Fabian CARINI,GK,1,0,0,270,3
127,Dario RODRIGUEZ,D,1,0,0,249,3
128,Gabriel BATISTUTA,F,1,0,0,199,3
129,Lucas RADEBE,D,1,0,0,260,3
130,Cristiano ZANETTI,M,1,0,0,300,3
131,Walter CENTENO,M,1,0,0,246,3
132,Eddie LEWIS,M,1,0,0,195,3
133,Jacek KRZYNOWEK,M,1,0,0,270,3
134,Emmanuel OLISADEBE,F,1,0,0,266,3
135,Robert KOVAC,D,1,0,0,270,3
136,Bill TCHATO,D,1,0,0,233,3
137,Salomon OLEMBE,D,1,0,0,200,3
138,LAUREN,M,1,0,0,270,3
139,Ebbe SAND,F,1,0,0,269,3
140,Nawaf AL TEMIYAT,M,1,0,0,224,3
141,Stjepan TOMAS,D,1,0,0,270,3
142,Hatem TRABELSI,D,1,0,0,270,3
143,Bradley CARNELL,D,1,0,0,270,3
144,Diego GAVILAN,M,1,0,0,120,3
145,DaMarcus BEASLEY,M,1,0,0,219,3
146,GEREMI,D,1,0,0,270,3
147,Zied JAZIRI,F,1,0,0,257,3
148,JUANFRAN,D,1,0,0,292,3
149,XU Yunlong,D,1,0,0,270,3
150,LI Weifeng,D,1,0,0,270,3
151,Habib BEYE,D,1,0,0,88,3
152,LI Xiaopeng,M,1,0,0,270,3
153,PETIT,M,1,0,0,257,3
154,Gilberto MARTINEZ,D,1,0,0,254,3
155,Carlos CASTRO,D,1,0,0,270,3
156,Sibusiso ZUMA,M,1,0,0,270,3
157,Teboho MOKOENA,M,1,0,0,270,3
158,Raul GUERRON,D,1,0,0,270,3
159,Al Hasan AL YAMI,F,1,0,0,222,3
160,Josip SIMUNIC,D,1,0,0,270,3
161,Carlos TENORIO,F,1,0,0,157,3
162,CHA Du Ri,F,1,0,0,153,4
163,LEE Eul Yong,M,1,0,0,333,4
164,Julio Cesar CACERES,D,1,0,0,360,4
165,Daniel VAN BUYTEN,D,1,0,0,360,4
166,Steve FINNAN,D,1,0,0,346,4
167,Juan Carlos VALERON,M,1,0,0,375,4
168,Gianluca ZAMBROTTA,M,1,0,0,342,4
169,Magnus SVENSSON,M,1,0,0,252,4
170,Marcus ALLBACK,F,1,0,0,255,4
171,Martin LAURSEN,D,1,0,0,360,4
172,Oscar PEREZ,GK,1,0,0,360,4
173,Fernando HIERRO,D,1,0,0,420,4
174,Tsuneyasu MIYAMOTO,D,1,0,0,289,4
175,Koji NAKATA,D,1,0,0,360,4
176,Junichi INAMOTO,M,1,0,0,267,4
177,Henrik LARSSON,F,1,0,0,388,4
178,Claudio REYNA,M,1,0,0,360,4
179,Christian PANUCCI,D,1,0,0,363,4
180,Gerardo TORRADO,M,1,0,0,348,4
181,Steve STAUNTON,D,1,0,0,317,4
182,Roque SANTA CRUZ,F,1,0,0,299,4
183,Henri CAMARA,F,1,0,0,351,4
184,Thomas HELVEG,D,1,0,0,277,4
185,Jon Dahl TOMASSON,F,1,0,0,360,4
186,Damiano TOMMASI,M,1,0,0,390,4
187,Christian VIERI,F,1,0,0,390,4
188,Gert VERHEYEN,M,1,0,0,295,4
189,Stig TOFTING,M,1,0,0,317,4
190,Niclas ALEXANDERSSON,M,1,0,0,346,4
191,Andreas JAKOBSSON,D,1,0,0,390,4
192,Francisco ARCE,D,1,0,0,360,4
193,DE PEDRO,M,1,0,0,316,4
194,Cuauhtemoc BLANCO,F,1,0,0,348,4
195,Salvador CARMONA,D,1,0,0,360,4
196,Denis CANIZA,D,1,0,0,348,4
197,Manuel VIDRIO,D,1,0,0,314,4
198,Johan MJALLBY,D,1,0,0,390,4
199,Sol CAMPBELL,D,1,0,0,450,5
200,Ergun PENBE,M,1,0,0,480,5
201,Paul SCHOLES,M,1,0,0,409,5
202,El Hadji DIOUF,F,1,0,0,510,5
203,DENILSON,F,1,0,0,115,5
204,Brad FRIEDEL,GK,1,0,0,450,5
205,Fernando MORIENTES,F,1,0,0,338,5
206,Rio FERDINAND,D,1,0,0,450,5
207,Emile HESKEY,F,1,0,0,372,5
208,Ashley COLE,D,1,0,0,435,5
209,KIM Nam Il,M,1,0,0,370,5
210,Bouba DIOP,M,1,0,0,510,5
211,Danny MILLS,D,1,0,0,450,5
212,Oliver NEUVILLE,F,1,0,0,377,6
213,ROBERTO CARLOS,D,1,0,0,540,6
214,CHOI Jin Cheul,D,1,0,0,566,6
215,Fatih AKYEL,D,1,0,0,660,7
216,YOO Sang Chul,M,1,0,0,580,7
217,AHN Jung Hwan,M,1,0,0,529,7
218,Bernd SCHNEIDER,M,1,0,0,594,7
219,Hakan SUKUR,F,1,0,0,592,7
220,CAFU (Marcos Evangelista de Moraes),D,1,0,0,630,7
221,Oliver KAHN,GK,1,0,0,630,7
222,HONG Myungbo,D,1,0,0,599,7
223,Jens JEREMIES,M,1,0,0,259,7
224,Rustu RECBER,GK,1,0,0,605,7
225,PARK Ji Sung,M,1,0,0,638,7
226,SEOL Ki Hyeon,F,1,0,0,598,7
227,LEE Chun Soo,F,1,0,0,374,7
228,SONG Chong Gug,M,1,0,0,690,7
229,Miroslav KLOSE,F,1,0,0,567,7
230,Torsten FRINGS,M,1,0,0,630,7
231,Ilhan MANSIZ,F,1,0,0,230,7
232,GILBERTO SILVA,M,1,0,0,630,7
1,Rigobert SONG,D,2,0,1,231,3
2,Ariel ORTEGA,F,2,0,1,439,5
3,Alfred PHIRI,M,1,0,1,24,1
4,Ramon RAMIREZ,M,1,0,1,269,3
5,Morten WIEGHORST,M,1,0,1,81,3
6,Zinedine ZIDANE,M,1,0,1,461,5
7,Laurent BLANC,D,1,0,1,496,5
8,Gert VERHEYEN,M,0,0,1,37,1
9,Miklos MOLNAR,F,0,0,1,8,1
10,LAUREN,D,0,0,1,6,1
11,Raymond KALLA,D,0,0,1,132,2
12,Mohammed AL KHILAIWI,D,0,0,1,109,2
13,HA Seok Ju,M,0,0,1,120,2
14,David BECKHAM,M,0,0,1,195,3
15,Pavel PARDO,D,0,0,1,208,3
16,Craig BURLEY,M,0,0,1,233,3
17,Patrick KLUIVERT,F,0,0,1,382,4
18,Christian WOERNS,D,0,0,1,400,5
19,Dario SIMIC,D,3,0,0,540,6
20,Arthur NUMAN,D,1,1,0,497,6
21,Didier DESCHAMPS,M,3,0,0,600,6
22,CESAR SAMPAIO,M,3,0,0,531,6
23,Mario STANIC,M,3,0,0,619,7
24,Eisuke NAKANISHI,D,2,0,0,180,2
25,Darren JACKSON,F,2,0,0,139,2
26,Said CHIBA,M,2,0,0,166,2
27,Darryl POWELL,M,0,1,0,66,2
28,Anatoli NANKOV,M,0,1,0,117,2
29,CLAYTON,D,2,0,0,180,2
30,Stig TOFTING,M,2,0,0,60,2
31,Jose SANTA,D,2,0,0,180,2
32,Nelson PARRAGUEZ,M,2,0,0,270,3
33,Francisco ROJAS,D,2,0,0,257,3
34,Moises VILLARROEL,D,2,0,0,229,3
35,Peter SCHOETTEL,D,2,0,0,270,3
36,Jay Jay OKOCHA,M,2,0,0,270,3
37,Lucas RADEBE,D,2,0,0,270,3
38,Uche OKECHUKWU,D,2,0,0,270,3
39,LEE Min Sung,D,2,0,0,270,3
40,Iulian FILIPESCU,D,2,0,0,270,3
41,Francisco ARCE,D,2,0,0,300,3
42,Cuauhtemoc BLANCO,F,2,0,0,360,4
43,Miguel BENITEZ,F,2,0,0,367,4
44,Gheorghe POPESCU,D,2,0,0,328,4
45,Lothar MATTHAEUS,M,2,0,0,315,4
46,Jose CHAMOT,D,2,0,0,317,4
47,Dragan STOJKOVIC,M,2,0,0,298,4
48,Dan PETRESCU,D,2,0,0,345,4
49,Kjetil REKDAL,M,2,0,0,360,4
50,Michael TARNAT,M,2,0,0,280,4
51,Joerg HEINRICH,D,2,0,0,417,5
52,Soren COLDING,D,2,0,0,405,5
53,Marc RIEPER,D,2,0,0,450,5
54,Alessandro COSTACURTA,D,2,0,0,480,5
55,Paolo MALDINI,D,2,0,0,480,5
56,Luigi DI BIAGIO,M,2,0,0,423,5
57,Didi HAMANN,M,2,0,0,299,5
58,Edgar DAVIDS,M,2,0,0,570,6
59,CAFU (Marcos Evangelista de Moraes),D,2,0,0,540,6
60,ALDAIR,D,2,0,0,558,6
61,Zvonimir BOBAN,M,2,0,0,509,6
62,Zvonimir SOLDO,D,2,0,0,540,6
63,Aljosa ASANOVIC,M,2,0,0,630,7
64,Jaap STAM,D,2,0,0,660,7
65,Marcel DESAILLY,D,0,1,0,668,7
66,Slaven BILIC,D,2,0,0,630,7
67,JUNIOR BAIANO,D,2,0,0,660,7
68,IVAN CAMPO,D,1,0,0,90,1
69,LEE Lim Saeng,D,1,0,0,45,1
70,Augustine EGUAVOEN,D,1,0,0,90,1
71,Hannes REINMAYR,F,1,0,0,90,1
72,ZE CARLOS II,M,1,0,0,120,1
73,Julen GUERRERO,M,1,0,0,21,1
74,Ben IROHA,D,1,0,0,90,1
75,Miguel Angel NADAL,D,1,0,0,167,2
76,Jaime ORDIALES,M,1,0,0,102,2
77,Peter CARGILL,M,1,0,0,114,2
78,Gordan VIDOVIC,D,1,0,0,180,2
79,Markus BABBEL,D,1,0,0,91,2
80,Christopher DAWES,M,1,0,0,180,2
81,Stephen MALCOLM,D,1,0,0,152,2
82,Takashi HIRANO,M,1,0,0,38,2
83,CHOI Yongsoo,F,1,0,0,180,2
84,AGUILERA,D,1,0,0,180,2
85,Salvador CARMONA,D,1,0,0,135,2
86,Khaled AL MUWALLID,M,1,0,0,115,2
87,Georgi BACHEV,M,1,0,0,96,2
88,Zoran MIRKOVIC,D,1,0,0,180,2
89,Eddie POPE,D,1,0,0,180,2
90,Aristides ROJAS,F,1,0,0,96,2
91,Willem JACKSON,D,1,0,0,135,2
92,Samuel IPOUA,F,1,0,0,110,2
93,Patrick VIEIRA,M,1,0,0,106,2
94,Riadh BOUAZIZI,M,1,0,0,180,2
95,Youssef CHIPPO,M,1,0,0,255,3
96,Anton PFEFFER,D,1,0,0,270,3
97,David REGIS,D,1,0,0,270,3
98,Zoubeir BEYA,M,1,0,0,208,3
99,Pierre NJANKA,D,1,0,0,270,3
100,Didier ANGIBEAUD,M,1,0,0,202,3
101,Giuseppe BERGOMI,D,1,0,0,296,3
102,Gordon DURIE,F,1,0,0,263,3
103,Dejan STANKOVIC,M,1,0,0,160,3
104,Pierre ISSA,D,1,0,0,270,3
105,Krunoslav JURCIC,M,1,0,0,270,3
106,KIM Byung Ji,GK,1,0,0,270,3
107,Quinton FORTUNE,M,1,0,0,247,3
108,Mehrdad MINAVAND,F,1,0,0,270,3
109,Radostin KISHISHEV,D,1,0,0,270,3
110,KIM Taeyoung,D,1,0,0,217,3
111,Frankie HEJDUK,M,1,0,0,199,3
112,Deon BURTON,F,1,0,0,145,3
113,Perica OGNJENOVIC,F,1,0,0,125,3
114,Imed BEN YOUNES,F,1,0,0,48,3
115,Jorge BERMUDEZ,D,1,0,0,270,3
116,Bernard DIOMEDE,M,1,0,0,224,3
117,Motohiro YAMAGUCHI,M,1,0,0,270,3
118,Hiroshi NANAMI,M,1,0,0,252,3
119,Yutaka AKITA,D,1,0,0,270,3
120,KO Jong Soo,M,1,0,0,141,3
121,Khamis AL DOSSARI,0,1,0,0,270,3
122,Mohammed AL JAHANI,D,1,0,0,256,3
123,Abdeljalil HADDA,F,1,0,0,264,3
124,German VILLA,M,1,0,0,213,3
125,Kais GHODHBANE,M,1,0,0,189,3
126,Skander SOUAYEH,M,1,0,0,224,3
127,Jens JEREMIES,M,1,0,0,270,3
128,Pierre VAN HOOIJDONK,F,1,0,0,90,3
129,Pierre WOME,D,1,0,0,270,3
130,KIKO,F,1,0,0,140,3
131,SERGI,D,1,0,0,270,3
132,Miguel RAMIREZ,D,1,0,0,85,3
133,Eric DEFLANDRE,D,1,0,0,248,3
134,Ivica VASTIC,F,1,0,0,115,3
135,Mauricio SERNA,M,1,0,0,197,3
136,Victor ARISTIZABAL,F,1,0,0,124,3
137,Wolfgang FEIERSINGER,D,1,0,0,270,3
138,Ilian ILIEV,M,1,0,0,188,3
139,Masami IHARA,D,1,0,0,270,3
140,Trifon IVANOV,D,1,0,0,270,3
141,Roberto SENSINI,D,1,0,0,187,3
142,Lorenzo STAELENS,D,1,0,0,270,3
143,Kevin GALLACHER,F,1,0,0,270,3
144,Vital BORKELMANS,D,1,0,0,270,3
145,Hristo STOICHKOV,F,1,0,0,225,3
146,Lyuboslav PENEV,F,1,0,0,154,3
147,Ricardo PELAEZ,F,1,0,0,84,3
148,Victor IKPEBA,F,1,0,0,248,3
149,Oyvind LEONHARDSEN,M,1,0,0,193,3
150,Erik MYKLAND,M,1,0,0,225,3
151,Guillermo AMOR,M,1,0,0,225,3
152,Sami AL JABER,F,1,0,0,264,3
153,Claudio REYNA,M,1,0,0,270,3
154,David NYATHI,D,1,0,0,268,3
155,Mutiu ADEPOJU,M,1,0,0,270,3
156,Javad ZARINCHEH,D,1,0,0,237,3
157,Ali DAEI,F,1,0,0,270,3
158,Dorinel MUNTEANU,M,1,0,0,360,4
159,Henning BERG,D,1,0,0,351,4
160,Alberto GARCIA ASPE,M,1,0,0,313,4
161,Ivan ZAMORANO,F,1,0,0,360,4
162,Gheorghe HAGI,M,1,0,0,294,4
163,David SEAMAN,GK,1,0,0,390,4
164,Christian KAREMBEU,M,1,0,0,243,4
165,Paul INCE,M,1,0,0,325,4
166,Alan SHEARER,F,1,0,0,390,4
167,Nelson VIVAS,D,1,0,0,365,4
168,Clarence ACUNA,M,1,0,0,342,4
169,Fabian ESTAY,M,1,0,0,202,4
170,Ronald FUENTES,D,1,0,0,360,4
171,Marcelo SALAS,F,1,0,0,360,4
172,Nelson TAPIA,GK,1,0,0,360,4
173,Michael SCHJONBERG,D,1,0,0,265,4
174,Paul SCHOLES,M,1,0,0,331,4
175,Michael REIZIGER,D,1,0,0,326,4
176,Clarence SEEDORF,M,1,0,0,254,4
177,Alessandro DEL PIERO,F,1,0,0,241,4
178,Angelo DI LIVIO,M,1,0,0,126,4
179,Liviu CIOBOTARIU,D,1,0,0,360,4
180,Adrian ILIE,F,1,0,0,315,4
181,Havard FLO,F,1,0,0,273,4
182,Tore Andre FLO,F,1,0,0,360,4
183,Duilio DAVINO,D,1,0,0,360,4
184,Sol CAMPBELL,D,1,0,0,390,4
185,Jose Luis CHILAVERT,GK,1,0,0,390,4
186,Celso AYALA,D,1,0,0,390,4
187,Julio Cesar ENCISO,M,1,0,0,390,4
188,Goran DJOROVIC,D,1,0,0,360,4
189,Zeljko PETROVIC,M,1,0,0,344,4
190,Luis HERNANDEZ,F,1,0,0,360,4
191,Thomas HAESSLER,M,1,0,0,261,4
192,Francesco MORIERO,M,1,0,0,356,4
193,Juergen KLINSMANN,F,1,0,0,450,5
194,Robert PROSINECKI,M,1,0,0,304,5
195,Jes HOGH,D,1,0,0,450,5
196,Fabio CANNAVARO,D,1,0,0,480,5
197,Thomas HELVEG,D,1,0,0,447,5
198,Carlos ROA,GK,1,0,0,480,5
199,Juan VERON,M,1,0,0,480,5
200,Matias ALMEYDA,M,1,0,0,458,5
201,Roberto AYALA,D,1,0,0,480,5
202,Allan NIELSEN,M,1,0,0,340,5
203,Peter SCHMEICHEL,GK,1,0,0,450,5
204,Diego SIMEONE,M,1,0,0,403,5
205,Wim JONK,M,1,0,0,461,6
206,Emmanuel PETIT,M,1,0,0,506,6
207,Stephane GUIVARCH,F,1,0,0,274,6
208,Bixente LIZARAZU,D,1,0,0,600,6
209,ROBERTO CARLOS,D,1,0,0,660,7
210,Robert JARNI,M,1,0,0,630,7
211,Igor STIMAC,D,1,0,0,518,7
212,LEONARDO,M,1,0,0,516,7
213,Davor SUKER,F,1,0,0,630,7
1,Jonas THERN,M,1,0,1,403,5
2,Zlatko YANKOV,M,4,0,0,540,6
3,Marco ETCHEVERRY,M,0,0,1,3,1
4,Ion VLADOIU,F,0,0,1,3,1
5,Gianfranco ZOLA,M,0,0,1,12,1
6,Rigobert SONG,D,0,0,1,153,2
7,Fernando CLAVIJO,D,1,1,0,265,3
8,Miguel Angel NADAL,D,0,0,1,205,3
9,Luis GARCIA,F,1,1,0,320,4
10,LEONARDO,M,0,0,1,313,4
11,Jan WOUTERS,M,3,0,0,360,4
12,Jose Luis CAMINERO,M,3,0,0,315,4
13,Gianluca PAGLIUCA,GK,0,0,1,411,5
14,Stefan SCHWARZ,M,1,1,0,536,6
15,Trifon IVANOV,D,3,0,0,492,6
16,Demetrio ALBERTINI,M,3,0,0,645,7
17,Martin WAGNER,D,2,0,0,148,2
18,Julio BALDIVIESO,M,2,0,0,156,2
19,Denis IRWIN,D,2,0,0,180,2
20,Luis CRISTALDO,D,0,1,0,172,2
21,Alf HALAND,D,2,0,0,180,2
22,Sergei GORLUKOVICH,D,0,1,0,139,2
23,Noureddine NAYBET,D,2,0,0,180,2
24,John HARKES,M,2,0,0,270,3
25,Michael EMENALO,D,2,0,0,300,3
26,CHOI Young Il,D,2,0,0,199,3
27,Nestor SUBIAT,F,2,0,0,44,3
28,Leonel ALVAREZ,M,2,0,0,270,3
29,Terry PHELAN,D,2,0,0,270,3
30,Stefan EFFENBERG,M,2,0,0,255,3
31,Thomas HELMER,D,2,0,0,195,3
32,Tassos MITROPOULOS,M,2,0,0,144,3
33,Joaquin DEL OLMO,M,2,0,0,260,3
34,Carlos VALDERRAMA,M,2,0,0,270,3
35,Fuad AMIN,M,2,0,0,270,3
36,Dmitri KHLESTOV,D,2,0,0,270,3
37,Yuri NIKIFOROV,D,2,0,0,270,3
38,Alberto GARCIA ASPE,M,2,0,0,300,3
39,Claudio SUAREZ,D,2,0,0,390,4
40,Tibor SELYMES,D,2,0,0,322,4
41,Oscar RUGGERI,D,2,0,0,360,4
42,Florin RADUCIOIU,F,2,0,0,383,4
43,Fernando CACERES,D,2,0,0,360,4
44,Khaled AL MUWALLID,M,2,0,0,252,4
45,Sunday OLISEH,M,2,0,0,390,4
46,Juergen KLINSMANN,F,2,0,0,445,5
47,Gheorghe POPESCU,D,2,0,0,480,5
48,Martin DAHLIN,F,2,0,0,444,5
49,Albert FERRER,D,2,0,0,450,5
50,ABELARDO,D,2,0,0,450,5
51,Emil KREMENLIEV,D,0,1,0,368,5
52,Tsanko TSVETANOV,D,0,1,0,504,6
53,Alessandro COSTACURTA,D,2,0,0,570,6
54,Roger LJUNG,D,2,0,0,570,6
55,MAZINHO,M,2,0,0,385,6
56,Hristo STOICHKOV,F,2,0,0,642,7
57,Iordan LETCHKOV,M,2,0,0,616,7
58,Kennet ANDERSSON,F,2,0,0,578,7
59,Jacques SONGOO,GK,1,0,0,90,1
60,Alexis ALEXOUDIS,F,1,0,0,58,1
61,Andre KANA-BIYIK,M,1,0,0,90,1
62,Stelios MANOLAS,D,1,0,0,90,1
63,Erland JOHNSEN,D,1,0,0,90,1
64,Stephen KESHI,D,1,0,0,90,1
65,Leonardo RODRIGUEZ,M,1,0,0,67,1
66,Hassan NADER,F,1,0,0,90,1
67,Goran SORLOTH,F,1,0,0,90,1
68,Ulrich VAN GOBBEL,D,1,0,0,90,1
69,Juerg STUDER,D,1,0,0,32,1
70,Abdelmajid BOUYBOUD,M,1,0,0,45,1
71,Mohamed SAMADI,F,1,0,0,98,2
72,Taher EL KHALEJ,D,1,0,0,180,2
73,Dmitri KUZNETSOV,D,1,0,0,180,2
74,Jorge OTERO,D,1,0,0,104,2
75,Gary KELLY,D,1,0,0,180,2
76,Jose CAMARASA,D,1,0,0,103,2
77,Giotis TSALOUCHIDIS,M,1,0,0,180,2
78,Vaios KARAGIANNIS,D,1,0,0,180,2
79,Vital BORKELMANS,D,1,0,0,66,2
80,Gustavo QUINTEROS,D,1,0,0,180,2
81,Herman GAVIRIA,M,1,0,0,168,2
82,Dmitri KHARIN,GK,1,0,0,180,2
83,Emile MBOUH,M,1,0,0,180,2
84,Ramon RAMIREZ,D,1,0,0,210,2
85,Anthony DE AVILA,F,1,0,0,27,2
86,Minas HANTZIDIS,M,1,0,0,138,2
87,Abdullah AL DOSARI,D,1,0,0,117,2
88,Nica PANDURU,M,1,0,0,41,2
89,Talal JEBRIN,M,1,0,0,270,3
90,Vladimir SORIA,M,1,0,0,242,3
91,Georges GRUN,D,1,0,0,270,3
92,Philippe ALBERT,D,1,0,0,270,3
93,Augustine EGUAVOEN,D,1,0,0,300,3
94,Luigi APOLLONI,D,1,0,0,217,3
95,Rachid AZZOUZI,M,1,0,0,241,3
96,Luis HERRERA,D,1,0,0,270,3
97,Raymond KALLA,D,1,0,0,270,3
98,KIM Joo Sung,M,1,0,0,239,3
99,Claudio CANIGGIA,F,1,0,0,206,3
100,Giannis KALITZAKIS,D,1,0,0,270,3
101,Adrian KNUP,F,1,0,0,261,3
102,KO Jeong Woon,M,1,0,0,270,3
103,Stig BJORNEBYE,D,1,0,0,270,3
104,Carlos BORJA,M,1,0,0,270,3
105,Rudi VOELLER,F,1,0,0,208,3
106,Stephen TATAW,D,1,0,0,270,3
107,Aron WINTER,M,1,0,0,270,3
108,CAFU (Marcos Evangelista de Moraes),D,1,0,0,121,3
109,Rachid DAOUDI,M,1,0,0,209,3
110,Tommy COYNE,F,1,0,0,230,3
111,Miguel Angel RIMBA,D,1,0,0,270,3
112,PARK Jung Bae,D,1,0,0,270,3
113,SHIN Hong Gi,D,1,0,0,270,3
114,Hamza FALATAH,F,1,0,0,225,3
115,Valeri KARPIN,M,1,0,0,230,3
116,Pierluigi CASIRAGHI,F,1,0,0,203,3
117,Oyvind LEONHARDSEN,M,1,0,0,247,3
118,Abdelkarim EL HADRIOUI,D,1,0,0,270,3
119,Hababi EL ARBI,M,1,0,0,252,3
120,Emmanuel AMUNIKE,M,1,0,0,327,4
121,Mutiu ADEPOJU,M,1,0,0,147,4
122,Mohammed AL DEAYEA,GK,1,0,0,360,4
123,Josip WEBER,F,1,0,0,307,4
124,Daniel BORIMIROV,M,1,0,0,214,4
125,Jose CHAMOT,D,1,0,0,360,4
126,Gheorghe MIHALI,D,1,0,0,272,4
127,Frank DE BOER,D,1,0,0,360,4
128,Alexi LALAS,D,1,0,0,360,4
129,Marco PASCOLO,GK,1,0,0,360,4
130,LUIS ENRIQUE,M,1,0,0,360,4
131,Thomas DOOLEY,D,1,0,0,360,4
132,Gabriel BATISTUTA,F,1,0,0,360,4
133,Roy KEANE,M,1,0,0,360,4
134,Rob WITSCHGE,M,1,0,0,304,4
135,Fernando REDONDO,M,1,0,0,360,4
136,Rudi SMIDTS,D,1,0,0,274,4
137,Chidi NWANU,D,1,0,0,390,4
138,Tab RAMOS,M,1,0,0,287,4
139,Frank RIJKAARD,M,1,0,0,334,4
140,JULIO SALINAS,F,1,0,0,273,4
141,Enzo SCIFO,M,1,0,0,360,4
142,Georges BREGY,M,1,0,0,360,4
143,Jorge CAMPOS,GK,1,0,0,390,4
144,Ahmed MADANI,D,1,0,0,360,4
145,Dominique HERR,D,1,0,0,360,4
146,Marc HOTTIGER,D,1,0,0,360,4
147,Paul CALIGIURI,D,1,0,0,360,4
148,Ray HOUGHTON,M,1,0,0,338,4
149,Stan VALCKX,D,1,0,0,360,4
150,Andreas MOELLER,M,1,0,0,268,4
151,Mohamed ABDELJAWAD,D,1,0,0,324,4
152,Fernando HIERRO,D,1,0,0,327,5
153,Thomas HAESSLER,M,1,0,0,435,5
154,Ronald KOEMAN,D,1,0,0,450,5
155,Juergen KOHLER,D,1,0,0,450,5
156,Ilie DUMITRESCU,F,1,0,0,436,5
157,Andreas BREHME,D,1,0,0,323,5
158,Ioan LUPESCU,M,1,0,0,475,5
159,GOIKOETXEA,M,1,0,0,395,5
160,Miodrag BELODEDICI,D,1,0,0,478,5
161,Dan PETRESCU,D,1,0,0,480,5
162,Wim JONK,M,1,0,0,450,5
163,Dennis BERGKAMP,F,1,0,0,450,5
164,Ivaylo YORDANOV,M,1,0,0,207,5
165,Hakan MILD,M,1,0,0,335,5
166,Giuseppe SIGNORI,F,1,0,0,391,6
167,Ilian KIRYAKOV,D,1,0,0,419,6
168,Daniele MASSARO,F,1,0,0,442,6
169,Petar HOUBCHEV,D,1,0,0,660,7
170,DUNGA,M,1,0,0,655,7
171,Tomas BROLIN,F,1,0,0,660,7
172,Paolo MALDINI,D,1,0,0,690,7
173,Klas INGESSON,M,1,0,0,646,7
174,Roland NILSSON,D,1,0,0,660,7
175,Borislav MIHAYLOV,0,1,0,0,615,7
176,Emil KOSTADINOV,F,1,0,0,635,7
177,Krassimir BALAKOV,M,1,0,0,660,7
178,Nasko SIRAKOV,F,1,0,0,540,7
179,ALDAIR,D,1,0,0,585,7
180,JORGINHO,D,1,0,0,561,7
181,Dino BAGGIO,M,1,0,0,560,7
182,MAURO SILVA,M,1,0,0,615,7
183,ZINHO,M,1,0,0,609,7
1,Benjamin MASSING,D,2,0,1,208,2
2,Andre KANA-BIYIK,M,2,0,1,271,3
3,Pedro MONZON,D,2,0,1,278,4
4,Frank RIJKAARD,M,2,0,1,292,4
5,Refik SABANADZOVIC,M,2,0,1,319,4
6,Lubomir MORAVCIK,M,2,0,1,423,5
7,Rudi VOELLER,F,2,0,1,420,6
8,YOON Deok Yeo,D,1,0,1,160,2
9,Gustavo DEZOTTI,F,1,0,1,150,3
10,Vladimir BESSONOV,D,0,0,1,138,2
11,Peter ARTNER,D,0,0,1,94,2
12,Eric WYNALDA,F,0,0,1,87,2
13,RICARDO GOMES,D,0,0,1,355,4
14,Ricardo GIUSTI,M,1,1,0,350,4
15,Jose SERRIZUELA,D,3,0,0,510,5
16,Andreas BREHME,D,3,0,0,570,6
17,Jimmy BANKS,D,2,0,0,135,2
18,MOZER,D,2,0,0,180,2
19,YOUSUF HUSSAIN,D,2,0,0,180,2
20,KHALEEL GHANIM,D,0,1,0,256,3
21,Jules Denis ONANA,D,2,0,0,300,3
22,Robert PECL,D,2,0,0,270,3
23,Marius LACATUS,F,2,0,0,267,3
24,Manfred ZSAK,M,2,0,0,209,3
25,Frantisek STRAKA,D,2,0,0,270,3
26,Gheorghe HAGI,M,2,0,0,266,3
27,Eric GERETS,D,0,1,0,252,3
28,Roger GOMEZ,M,2,0,0,240,3
29,Sergio BATISTA,M,2,0,0,291,4
30,Nicola BERTI,M,2,0,0,255,4
31,Gabriel GOMEZ,M,2,0,0,349,4
32,Roger MILLA,F,2,0,0,162,4
33,Lubos KUBIK,M,2,0,0,350,4
34,Emile MBOUH,M,2,0,0,390,4
35,Hector MARCHENA,M,2,0,0,360,4
36,Jose PERDOMO,M,2,0,0,360,4
37,Victor NDIP,D,2,0,0,390,4
38,Thomas NKONO,GK,2,0,0,510,5
39,Julio OLARTICOECHEA,M,2,0,0,441,5
40,Pedro TROGLIO,M,2,0,0,438,6
41,Paul GASCOIGNE,M,2,0,0,630,6
42,Claudio CANIGGIA,F,2,0,0,555,6
43,Diego MARADONA,M,2,0,0,690,7
44,LEE Heung Sil,M,1,0,0,90,1
45,Gerald GLATZMAYER,M,1,0,0,6,1
46,Steve TRITTSCHUH,D,1,0,0,90,1
47,Andreas REISINGER,M,1,0,0,45,1
48,Jose PINTOS,D,1,0,0,90,1
49,Roberto SENSINI,D,1,0,0,159,2
50,Ahmed RAMZY,F,1,0,0,180,2
51,Jonas THERN,M,1,0,0,180,2
52,RICARDO ROCHA,D,1,0,0,180,2
53,Andrei ZYGMANTOVICH,D,1,0,0,180,2
54,CHUNG Hae Won,M,1,0,0,63,2
55,Manuel JIMENEZ,D,1,0,0,161,2
56,HWANG Bo Kwan,M,1,0,0,169,2
57,Danut LUPU,M,1,0,0,63,2
58,Murdo McLEOD,M,1,0,0,129,2
59,Anton PFEFFER,D,1,0,0,180,2
60,Oleg PROTASOV,F,1,0,0,255,3
61,Ahmed SHOBEIR,GK,1,0,0,270,3
62,Joakim NILSSON,M,1,0,0,270,3
63,Bruce MURRAY,F,1,0,0,249,3
64,Santiago OSTOLAZA,M,1,0,0,180,3
65,Darko PANCEV,F,1,0,0,182,3
66,David McPHERSON,D,1,0,0,270,3
67,Tony MEOLA,GK,1,0,0,270,3
68,Klaus LINDENBERGER,GK,1,0,0,270,3
69,Mo JOHNSTON,F,1,0,0,270,3
70,Srecko KATANEC,D,1,0,0,214,3
71,Vagiz KHIDIYATULLIN,D,1,0,0,270,3
72,Paul CALIGIURI,D,1,0,0,250,3
73,CHOI Kang Hee,D,1,0,0,270,3
74,Ibrahim HASSAN,D,1,0,0,270,3
75,Jose HERRERA,D,1,0,0,270,3
76,Andreas HERZOG,M,1,0,0,270,3
77,Magdy ABDELGHANY,M,1,0,0,270,3
78,EISSA MEER,D,1,0,0,254,3
79,IBRAHIM MEER,D,1,0,0,266,3
80,HUSSAIN GHULOUM,F,1,0,0,270,3
81,Ioan LUPESCU,M,1,0,0,300,3
82,Glenn STROMBERG,M,1,0,0,116,3
83,Michael WINDISCHMANN,D,1,0,0,270,3
84,CHOI Soon Ho,F,1,0,0,270,3
85,Stefan SCHWARZ,D,1,0,0,270,3
86,Marco VAN BASTEN,F,1,0,0,360,4
87,Zoran VULIC,D,1,0,0,277,4
88,Francisco VILLARROYA,M,1,0,0,379,4
89,Jan WOUTERS,M,1,0,0,360,4
90,BRANCO,D,1,0,0,360,4
91,JORGINHO,D,1,0,0,360,4
92,CHENDO,D,1,0,0,390,4
93,ROBERTO,M,1,0,0,381,4
94,Ronald GONZALEZ,D,1,0,0,360,4
95,Ruben SOSA,F,1,0,0,277,4
96,Luis HERRERA,D,1,0,0,390,4
97,Michael KLEIN,D,1,0,0,390,4
98,MAURO GALVAO,D,1,0,0,353,4
99,DUNGA,M,1,0,0,360,4
100,Leonel ALVAREZ,M,1,0,0,390,4
101,Fernando ALVEZ,GK,1,0,0,360,4
102,Nelson GUTIERREZ,D,1,0,0,360,4
103,Wim KIEFT,F,1,0,0,163,4
104,Claudio JARA,F,1,0,0,337,4
105,Jan KOCIAN,D,1,0,0,360,4
106,Steve McMAHON,M,1,0,0,254,4
107,Luis Carlos PEREA,D,1,0,0,390,4
108,Enzo FRANCESCOLI,M,1,0,0,360,4
109,Chris MORRIS,D,1,0,0,480,5
110,Kevin MORAN,D,1,0,0,480,5
111,Paul McGRATH,D,1,0,0,480,5
112,Ivo KNOFLICEK,F,1,0,0,428,5
113,Miroslav KADLEC,D,1,0,0,450,5
114,Ivan HASEK,M,1,0,0,450,5
115,Dragoljub BRNOVIC,M,1,0,0,455,5
116,Michal BILEK,D,1,0,0,427,5
117,John ALDRIDGE,F,1,0,0,290,5
118,Peter BEARDSLEY,F,1,0,0,360,5
119,Roberto BAGGIO,F,1,0,0,376,5
120,Jozef CHOVANEC,M,1,0,0,391,5
121,Zlatko VUJOVIC,F,1,0,0,447,5
122,Oscar RUGGERI,D,1,0,0,420,5
123,Tomas SKUHRAVY,F,1,0,0,450,5
124,Dragan STOJKOVIC,M,1,0,0,510,5
125,Sergio GOYCOCHEA,GK,1,0,0,589,6
126,Luigi DE AGOSTINI,D,1,0,0,451,6
127,Paul PARKER,D,1,0,0,630,6
128,Stuart PEARCE,D,1,0,0,630,6
129,Juergen KLINSMANN,F,1,0,0,629,7
130,Lothar MATTHAEUS,M,1,0,0,660,7
131,Jorge BURRUCHAGA,M,1,0,0,623,7
132,Giuseppe GIANNINI,M,1,0,0,585,7
133,Riccardo FERRI,D,1,0,0,570,7
134,Thomas BERTHOLD,D,1,0,0,598,7
135,Juan SIMON,D,1,0,0,690,7
1,Ray WILKINS,M,1,0,1,132,2
2,Mike SWEENEY,M,1,0,1,98,2
3,Frank ARNESEN,M,1,0,1,268,3
4,Miguel BOSSIO,M,1,0,1,199,3
5,Javier AGUIRRE,F,1,0,1,460,5
6,Jose BATISTA,D,0,0,1,181,3
7,Hugo SÁNCHEZ,F,3,0,0,390,4
8,Terry FENWICK,D,3,0,0,360,4
9,Thomas BERTHOLD,D,0,0,1,515,6
10,CHO Young Jeung,M,2,0,0,180,2
11,Bassel GORGIS,M,0,1,0,133,2
12,SHAKER SAMIR,D,2,0,0,180,2
13,Vladimiro SCHETTINA,D,2,0,0,270,3
14,Jorge DA SILVA,F,2,0,0,225,3
15,Victor DIOGO,D,2,0,0,270,3
16,KIM Joo Sung,F,2,0,0,225,3
17,Giuseppe BERGOMI,D,2,0,0,270,3
18,GOIKO,D,2,0,0,360,4
19,Oscar GARRE,D,2,0,0,360,4
20,Dariusz DZIEKANOWSKI,M,2,0,0,326,4
21,William AYACHE,D,2,0,0,360,4
22,Labid KHALIFA,D,2,0,0,360,4
23,Luis FERNANDEZ,M,2,0,0,553,6
24,Lothar MATTHAEUS,M,2,0,0,640,7
25,Nery PUMPIDO,GK,2,0,0,630,7
26,Alvin MARTIN,D,1,0,0,90,1
27,Steve ARCHIBALD,F,1,0,0,90,1
28,Eamonn BANNON,M,1,0,0,90,2
29,MOHAMED HARIS,M,1,0,0,157,2
30,Wilmar CABRERA,F,1,0,0,135,2
31,Aleksandar MARKOV,D,1,0,0,180,2
32,SADDAM KARIM,F,1,0,0,171,2
33,David NAREY,D,1,0,0,180,2
34,HAMMOUDI RAAD,GK,1,0,0,180,2
35,Mario TREJO,D,1,0,0,180,2
36,Nigel WORTHINGTON,D,1,0,0,160,2
37,Maurice MALPAS,D,1,0,0,180,2
38,PARK Kyung Hoon,D,1,0,0,270,3
39,Ivan NIELSEN,D,1,0,0,270,3
40,GOMES,F,1,0,0,208,3
41,PACHECO,M,1,0,0,270,3
42,Carlos DE LOS COBOS,M,1,0,0,178,3
43,SHAKER NADHUM,D,1,0,0,270,3
44,Mario SARALEGUI,M,1,0,0,144,3
45,Stephen NICOL,D,1,0,0,220,3
46,PARK Chang Sun,F,1,0,0,270,3
47,Sam McILROY,M,1,0,0,270,3
48,Bob LENARDUZZI,D,1,0,0,270,3
49,Faouzi MANSOURI,D,1,0,0,270,3
50,Rabah MADJER,F,1,0,0,213,3
51,JULIO ALBERTO,D,1,0,0,300,3
52,Mal DONAGHY,D,1,0,0,270,3
53,Mark HATELEY,F,1,0,0,176,3
54,Billy HAMILTON,F,1,0,0,133,3
55,Zhivko GOSPODINOV,M,1,0,0,254,3
56,HUH Jungmoo,M,1,0,0,270,3
57,Klaus BERGGREEN,M,1,0,0,270,3
58,Norman WHITESIDE,F,1,0,0,238,3
59,KHALIL MOHAMED,D,1,0,0,270,3
60,Henrik ANDERSEN,D,1,0,0,240,3
61,Nikolai ARABOV,D,1,0,0,270,3
62,HASHEM NATIK,D,1,0,0,240,3
63,Vasili RATS,M,1,0,0,300,3
64,Dominique ROCHETEAU,F,1,0,0,288,4
65,Gaetano SCIREA,D,1,0,0,360,4
66,Wlodimierz SMOLAREK,F,1,0,0,344,4
67,Franky VAN DER ELST,D,1,0,0,256,4
68,Pietro VIERCHOWOD,D,1,0,0,360,4
69,Eduardo ACEVEDO,D,1,0,0,331,4
70,Salvatore BAGNI,M,1,0,0,337,4
71,Antonio DI GENNARO,M,1,0,0,315,4
72,Abdelrazzak KHAIRI,M,1,0,0,272,4
73,Abdelmajid LAMRISS,D,1,0,0,343,4
74,Carlos MUNOZ,M,1,0,0,390,4
75,Jorge NUNEZ,M,1,0,0,360,4
76,Sergio SANTIN,M,1,0,0,327,4
77,Julio Cesar ROMERO,M,1,0,0,360,4
78,Mohamed TIMOUMI,M,1,0,0,358,4
79,Roman WOJCICKI,D,1,0,0,360,4
80,Ramon Maria CALDERE,M,1,0,0,336,4
81,Zbigniew BONIEK,F,1,0,0,360,4
82,Antonio CABRINI,D,1,0,0,360,4
83,Igor BELANOV,F,1,0,0,312,4
84,Alfredo MENDOZA,F,1,0,0,308,4
85,Fernando ALVEZ,GK,1,0,0,360,4
86,Fernando DE NAPOLI,M,1,0,0,357,4
87,Enzo FRANCESCOLI,M,1,0,0,354,4
88,EDINHO,D,1,0,0,480,5
89,Hector ENRIQUE,M,1,0,0,331,5
90,Steve HODGE,M,1,0,0,329,5
91,Manuel NEGRETE,M,1,0,0,480,5
92,Terry BUTCHER,D,1,0,0,450,5
93,MICHEL,M,1,0,0,446,5
94,VICTOR,M,1,0,0,480,5
95,Jose Antonio CAMACHO,D,1,0,0,480,5
96,Daniel VEYT,F,1,0,0,502,5
97,BRANCO,D,1,0,0,480,5
98,TOMAS,D,1,0,0,405,5
99,Michel RENQUIN,D,1,0,0,429,5
100,Raul SERVIN,D,1,0,0,480,5
101,CARECA,F,1,0,0,480,5
102,Fernando QUIRARTE,D,1,0,0,480,5
103,Ditmar JAKOBS,D,1,0,0,507,6
104,Georges GRUN,D,1,0,0,539,6
105,Hans Peter BRIEGEL,D,1,0,0,543,6
106,Felix MAGATH,M,1,0,0,542,6
107,Jose CUCIUFFO,D,1,0,0,540,6
108,Ricardo GIUSTI,M,1,0,0,630,7
109,Julio OLARTICOECHEA,D,1,0,0,366,7
110,Jean Marie PFAFF,GK,1,0,0,720,7
111,Diego MARADONA,M,1,0,0,630,7
112,Jose BROWN,D,1,0,0,630,7
113,Klaus ALLOFS,F,1,0,0,615,7
114,Sergio BATISTA,M,1,0,0,534,7
115,Norbert EDER,D,1,0,0,655,7
116,Manuel AMOROS,D,1,0,0,690,7
117,Jorge VALDANO,F,1,0,0,630,7
118,Nico CLAESEN,F,1,0,0,660,7
119,Jan CEULEMANS,M,1,0,0,720,7
120,Stephane DEMOL,D,1,0,0,633,7
121,Karl Heinz FOERSTER,D,1,0,0,641,7
1,Americo GALLEGO,M,1,0,1,354,4
2,Diego MARADONA,M,1,0,1,445,5
3,Ladislav VIZEK,F,0,0,1,267,3
4,Gilberto YEARWOOD,M,0,0,1,269,3
5,Mal DONAGHY,D,0,0,1,332,4
6,Francisco OSORTO,D,2,0,0,33,2
7,Billy HAMILTON,F,2,0,0,450,5
8,Manuel AMOROS,D,2,0,0,480,5
9,Gabriele ORIALI,M,2,0,0,435,5
10,Zbigniew BONIEK,F,2,0,0,540,6
11,Claudio GENTILE,D,2,0,0,540,6
12,Wlodimierz SMOLAREK,F,2,0,0,511,6
13,Uli STIELIKE,D,2,0,0,660,7
14,Andrzej BUNCOL,M,2,0,0,630,7
15,Pavel CHALOUPKA,M,1,0,0,90,1
16,Andy PICHLER,M,1,0,0,90,1
17,Roman WOJCICKI,D,1,0,0,45,1
18,Antonin PANENKA,M,1,0,0,110,2
19,Andrzej PALASZ,M,1,0,0,111,2
20,Zlatko KRMPOTIC,D,1,0,0,180,2
21,Juan LETELIER,F,1,0,0,77,2
22,Ramon FAGOAGA,D,1,0,0,101,2
23,Miguel GAMBOA,F,1,0,0,87,2
24,Lizardo GARRIDO,D,1,0,0,180,2
25,Jaime DUARTE,D,1,0,0,270,3
26,Rodolfo DUBO,M,1,0,0,270,3
27,Sergei BOROVSKI,D,1,0,0,270,3
28,Graeme SOUNESS,M,1,0,0,270,3
29,Laszlo FAZEKAS,F,1,0,0,224,3
30,Abdulaziz AL ANBARI,F,1,0,0,270,3
31,Ibrahim AOUDOU,D,1,0,0,270,3
32,Rabah MADJER,F,1,0,0,268,3
33,Faouzi MANSOURI,D,1,0,0,255,3
34,Ramon MARADIAGA,M,1,0,0,270,3
35,Fathi MATAR,M,1,0,0,168,3
36,Naim FAJAH,D,1,0,0,270,3
37,Rene NDJEYA,D,1,0,0,270,3
38,Luis RAMIREZ,F,1,0,0,244,3
39,Carlos RECINOS,D,1,0,0,270,3
40,Jose SANCHEZ,M,1,0,0,198,3
41,Edhem SLJIVO,M,1,0,0,270,3
42,Nenad STOJKOVIC,D,1,0,0,270,3
43,Jose VELASQUEZ,M,1,0,0,270,3
44,Thomas NKONO,GK,1,0,0,270,3
45,Tibor NYILASI,M,1,0,0,270,3
46,Jean Marie PFAFF,GK,1,0,0,270,3
47,Roger MILLA,F,1,0,0,269,3
48,Jesus ZAMORA,M,1,0,0,360,4
49,JUANITO,F,1,0,0,270,4
50,Bernd FOERSTER,D,1,0,0,390,4
51,Terry BUTCHER,D,1,0,0,360,4
52,Walter MEEUWS,D,1,0,0,360,4
53,Josef DEGEORGI,D,1,0,0,303,4
54,Roland HATTENBERGER,M,1,0,0,360,4
55,Reinhold HINTERMAIER,M,1,0,0,405,5
56,Aleksandre CHIVADZE,D,1,0,0,450,5
57,Jose ALEXANKO,D,1,0,0,450,5
58,Sergei BALTACHA,D,1,0,0,450,5
59,Walter SCHACHNER,F,1,0,0,450,5
60,Jean TIGANA,M,1,0,0,399,5
61,Norman WHITESIDE,F,1,0,0,387,5
62,Ray WILKINS,M,1,0,0,450,5
63,Paul MARINER,F,1,0,0,450,5
64,Sam McILROY,M,1,0,0,410,5
65,Luc MILLECAMPS,D,1,0,0,450,5
66,Erich OBERMAYER,D,1,0,0,450,5
67,Daniel BERTONI,F,1,0,0,401,5
68,Vladimir BESSONOV,M,1,0,0,450,5
69,Rafael GORDILLO,D,1,0,0,450,5
70,Osvaldo ARDILES,M,1,0,0,450,5
71,Bernard GENGHINI,M,1,0,0,405,5
72,Horst HRUBESCH,F,1,0,0,324,5
73,WALDIR PERES,GK,1,0,0,450,5
74,Jose Antonio CAMACHO,D,1,0,0,450,5
75,FALCAO,M,1,0,0,450,5
76,Jorge OLGUIN,D,1,0,0,450,5
77,Daniel PASSARELLA,D,1,0,0,450,5
78,Giampiero MARINI,M,1,0,0,272,5
79,Mario KEMPES,F,1,0,0,373,5
80,Alain GIRESSE,M,1,0,0,570,6
81,Giancarlo ANTOGNONI,M,1,0,0,478,6
82,Gerard SOLER,F,1,0,0,512,6
83,Klaus FISCHER,F,1,0,0,344,6
84,Gaetano SCIREA,D,1,0,0,630,7
85,Paolo ROSSI,F,1,0,0,575,7
86,Wladyslaw ZMUDA,D,1,0,0,630,7
87,Marco TARDELLI,M,1,0,0,615,7
88,Stefan MAJEWSKI,D,1,0,0,630,7
89,Hans Peter BRIEGEL,D,1,0,0,637,7
90,Wolfgang DREMMLER,M,1,0,0,632,7
91,Fulvio COLLOVATI,D,1,0,0,574,7
92,Bruno CONTI,M,1,0,0,630,7
93,Pierre LITTBARSKI,M,1,0,0,586,7
1,Andras TOROCSIK,F,1,0,1,178,2
2,Tibor NYILASI,M,1,0,1,179,2
3,Dick NANNINGA,M,1,0,1,90,3
4,Jose VELASQUEZ,M,3,0,0,411,5
5,Andranik ESKANDARIAN,D,2,0,0,180,2
6,Marco TARDELLI,M,2,0,0,540,6
7,Romeo BENETTI,M,2,0,0,527,6
8,Omar LARROSA,M,1,0,0,145,2
9,Henri MICHEL,M,1,0,0,180,2
10,Alfredo QUESADA,M,1,0,0,180,2
11,Ricardo VILLA,M,1,0,0,90,2
12,Michel PLATINI,M,1,0,0,225,3
13,Ruediger ABRAMCZIK,F,1,0,0,270,3
14,Hasse BORG,D,1,0,0,270,3
15,Archie GEMMILL,M,1,0,0,195,3
16,Tarek DHIAB,M,1,0,0,270,3
17,Eugenio LEAL,M,1,0,0,225,3
18,Gyozo MARTOS,D,1,0,0,225,3
19,Hassan NAZARI,D,1,0,0,270,3
20,Sandor ZOMBORI,M,1,0,0,270,3
21,Didier SIX,F,1,0,0,181,3
22,Arturo VAZQUEZ,D,1,0,0,270,3
23,EDINHO,D,1,0,0,236,3
24,CHICAO,M,1,0,0,123,3
25,NELINHO,D,1,0,0,274,4
26,Hansi MUELLER,M,1,0,0,315,4
27,Wim SUURBIER,D,1,0,0,318,4
28,Johan NEESKENS,M,1,0,0,310,5
29,ROBERTO DINAMITE,F,1,0,0,450,5
30,Jerzy GORGON,D,1,0,0,450,5
31,Arie HAAN,M,1,0,0,570,6
32,Rainer BONHOF,M,1,0,0,540,6
33,JORGE MENDONCA,F,1,0,0,421,6
34,Osvaldo ARDILES,M,1,0,0,470,6
35,Zbigniew BONIEK,F,1,0,0,381,6
36,Herbert PROHASKA,M,1,0,0,540,6
37,Robert SARA,D,1,0,0,540,6
38,TONINHO CEREZO,M,1,0,0,478,6
39,ZICO,M,1,0,0,229,6
40,Sepp MAIER,GK,1,0,0,540,6
41,Ramon QUIROGA,GK,1,0,0,540,6
42,Johnny REP,F,1,0,0,484,6
43,Rodolfo MANZO,D,1,0,0,517,6
44,Henryk MACULEWICZ,D,1,0,0,456,6
45,Juan MUNANTE,F,1,0,0,540,6
46,Americo GALLEGO,M,1,0,0,655,7
47,Rene VAN DE KERKHOF,F,1,0,0,520,7
48,Willy VAN DE KERKHOF,M,1,0,0,660,7
49,Daniel PASSARELLA,D,1,0,0,660,7
50,Ruud KROL,D,1,0,0,660,7
51,BATISTA,M,1,0,0,630,7
52,Antonio CABRINI,D,1,0,0,619,7
53,OSCAR,D,1,0,0,630,7
54,Claudio GENTILE,D,1,0,0,630,7
1,Carlos CASZELY,F,1,0,1,157,2
2,Ray RICHARDS,M,1,0,1,263,3
3,LUIS PEREIRA,D,1,0,1,534,6
4,Julio MONTERO CASTILLO,D,0,0,1,69,1
5,Ndaye MULAMBA,M,0,0,1,113,2
6,Carlos BABINGTON,F,3,0,0,450,5
7,Pierre BAYONNE,D,2,0,0,270,3
8,Roberto PERFUMO,D,2,0,0,360,4
9,Branko OBLAK,M,2,0,0,370,5
10,Ove GRAHN,M,2,0,0,540,6
11,Enver HADZIABDIC,D,2,0,0,540,6
12,Josip KATALINSKI,D,2,0,0,540,6
13,Gerd KISCHE,D,2,0,0,540,6
14,Juergen SPARWASSER,M,2,0,0,540,6
15,Wim SUURBIER,D,2,0,0,624,7
16,Wim VAN HANEGEM,M,2,0,0,613,7
17,Johan CRUYFF,F,2,0,0,630,7
18,Berti VOGTS,D,2,0,0,630,7
19,Johnny REP,F,2,0,0,630,7
20,Johan NEESKENS,M,2,0,0,614,7
21,MARINHO PERES,D,2,0,0,630,7
22,Henryk KASPERCZAK,M,2,0,0,603,7
23,JAIRZINHO,F,2,0,0,630,7
24,Roberto BONINSEGNA,F,1,0,0,45,1
25,Fritz LEANDRE,F,1,0,0,38,1
26,Erich HAMANN,M,1,0,0,70,2
27,Orjan PERSSON,M,1,0,0,119,2
28,Carlos REINOSO,M,1,0,0,270,3
29,Davie HAY,M,1,0,0,270,3
30,Leonardo VELIZ,F,1,0,0,176,3
31,Eberhard VOGEL,F,1,0,0,187,3
32,Tsonyo VASILEV,D,1,0,0,270,3
33,Romeo BENETTI,M,1,0,0,270,3
34,Victor ESPARRAGO,M,1,0,0,270,3
35,Hans-Juergen KREISCHE,M,1,0,0,134,3
36,Joe JORDAN,F,1,0,0,270,3
37,James HOLTON,D,1,0,0,270,3
38,Rolando GARCIA,D,1,0,0,270,3
39,Baudilio JAUREGUI,D,1,0,0,270,3
40,Kidumu MANTANTU,M,1,0,0,230,3
41,Jimmy MACKAY,M,1,0,0,270,3
42,Walter MANTEGAZZA,M,1,0,0,242,3
43,Juan MASNIK,D,1,0,0,152,3
44,Guillermo PAEZ,M,1,0,0,270,3
45,Muepu ILUNGA,D,1,0,0,270,3
46,Angel BARGAS,D,1,0,0,247,3
47,Dusan BAJEVIC,F,1,0,0,250,3
48,Georgi DENEV,F,1,0,0,270,3
49,Pablo FORLAN,D,1,0,0,270,3
50,Joachim STREICH,F,1,0,0,350,4
51,Bjorn ANDERSSON,D,1,0,0,360,4
52,Stanislav KARASI,F,1,0,0,220,4
53,ZE MARIA,D,1,0,0,360,4
54,Siegmar WAETZLICH,D,1,0,0,360,4
55,DIRCEU,M,1,0,0,360,4
56,MIRANDINHA,F,1,0,0,174,4
57,Bjorn NORDQVIST,D,1,0,0,450,5
58,Rene HOUSEMAN,F,1,0,0,328,6
59,CARPEGIANI,M,1,0,0,475,6
60,Ramon HEREDIA,D,1,0,0,540,6
61,Adam MUSIAL,D,1,0,0,521,6
62,Jovan ACIMOVIC,M,1,0,0,540,6
63,Andrzej SZARMACH,F,1,0,0,460,6
64,Juergen CROY,GK,1,0,0,540,6
65,Ivan BULJAN,D,1,0,0,540,6
66,MARINHO CHAGAS,D,1,0,0,630,7
67,Jerzy GORGON,D,1,0,0,630,7
68,Wim JANSEN,M,1,0,0,630,7
69,Wolfgang OVERATH,M,1,0,0,594,7
70,RIVELINO,M,1,0,0,630,7
1,Francis LEE,F,2,0,0,258,3
2,David PRIMO,D,2,0,0,270,3
3,Gustavo PENA,D,2,0,0,360,4
4,Dagoberto FONTES,F,2,0,0,267,4
5,Gerd MUELLER,F,2,0,0,600,6
6,Max LORENZ,D,1,0,0,45,1
7,Givili NODIYA,F,1,0,0,66,1
8,Menachem BELLO,D,1,0,0,90,1
9,Claes CRONQVIST,F,1,0,0,90,1
10,Gennadi LOGOFET,D,1,0,0,124,2
11,Evgeni LOVCHEV,D,1,0,0,146,2
12,Sergio MENDEZ,M,1,0,0,122,2
13,Alexander HORVATH,D,1,0,0,180,2
14,Andrej KVASNAK,M,1,0,0,134,2
15,Orjan PERSSON,M,1,0,0,166,2
16,Jean THISSEN,D,1,0,0,270,3
17,Karol DOBIAS,D,1,0,0,270,3
18,Salvador FLAMENCO CABEZAS,F,1,0,0,180,3
19,Salvador MARIONA,D,1,0,0,270,3
20,Raul MAGANA,GK,1,0,0,270,3
21,Radu NUNWEILLER,M,1,0,0,270,3
22,Mihai MOCANU,D,1,0,0,270,3
23,Ion DUMITRU,M,1,0,0,261,3
24,Shraga BAR,D,1,0,0,225,3
25,Kakhi ASATIANI,M,1,0,0,251,3
26,Paul VAN HIMST,F,1,0,0,270,3
27,Gianni RIVERA,M,1,0,0,170,4
28,Anatoly BISHOVETS,F,1,0,0,390,4
29,Vitali KHMELNITSKI,F,1,0,0,324,4
30,Javier VALDIVIA,F,1,0,0,315,4
31,GERSON,M,1,0,0,309,4
32,RIVELINO,M,1,0,0,450,5
33,CARLOS ALBERTO,D,1,0,0,540,6
34,TOSTAO,M,1,0,0,518,6
35,Luis UBINA,D,1,0,0,570,6
36,Roberto BONINSEGNA,F,1,0,0,564,6
37,Tarcisio BURGNICH,D,1,0,0,570,6
38,Angelo DOMENGHINI,F,1,0,0,475,6
39,Giancarlo DE SISTI,M,1,0,0,570,6
40,Wolfgang OVERATH,M,1,0,0,600,6
41,Julio CORTES,M,1,0,0,558,6
42,Roberto ROSATO,D,1,0,0,533,6
43,Julio MONTERO CASTILLO,M,1,0,0,570,6
44,Juan MUJICA,D,1,0,0,570,6
45,Ildo MANEIRO,M,1,0,0,534,6
46,Hennes LOEHR,F,1,0,0,351,6
1,Hector SILVA,M,1,0,1,144,2
2,Antonio RATTIN,M,1,0,1,305,4
3,Rafael ALBRECHT,M,0,0,1,245,3
4,Igor CHISLENKO,F,0,0,1,314,4
5,Horacio TROCHE,D,0,0,1,319,4
6,Franz BECKENBAUER,M,2,0,0,570,6
7,Jesus GLARIA,M,1,0,0,90,1
8,Ivan KOLEV,F,1,0,0,180,2
9,Dinko DERMENDZHIEV,M,1,0,0,180,2
10,DENILSON,M,1,0,0,180,2
11,Dobromir JECHEV,F,1,0,0,270,3
12,Ruben MARCOS,M,1,0,0,270,3
13,Galimzyan KHUSAINOV,F,1,0,0,360,4
14,Luis ARTIME,F,1,0,0,360,4
15,Jorge SOLARI,F,1,0,0,360,4
16,Yozhef SABO,M,1,0,0,360,4
17,Valeri VORONIN,M,1,0,0,450,5
18,Martin PETERS,M,1,0,0,480,5
19,Wolfgang OVERATH,M,1,0,0,570,6
20,MARIO COLUNA,M,1,0,0,540,6
21,EUSEBIO (Eusebio da Silva Ferreira),F,1,0,0,540,6
22,Nobby STILES,M,1,0,0,570,6
23,Wolfgang WEBER,D,1,0,0,570,6
1,Mario DAVID,D,0,0,1,41,1
2,Giorgio FERRINI,M,0,0,1,98,2
3,Angel Ruben CABRERA,M,0,0,1,161,2
4,Honorino LANDA,F,0,0,1,440,5
5,Vladimir POPOVIC,M,0,0,1,521,6
6,GARRINCHA,F,0,0,1,533,6
7,Ruben NAVARRO,D,1,0,0,180,2
1,Titus BUBERNIK,D,0,0,1,102,1
2,Ferenc SIPOS,D,0,0,1,349,4
3,Erich JUSKOWIAK,D,0,0,1,419,5
1,HUMBERTO,F,0,0,1,79,1
2,NILTON SANTOS,D,0,0,1,281,3
3,Jozsef BOZSIK,M,0,0,1,461,5
1,BIGODE,M,1,0,0,450,5
1,Hans PESSER,F,0,0,1,96,1
2,Jan RIHA,F,0,0,1,209,2
3,MACHADO,D,0,0,1,389,4
4,ZEZE PROCOPIO,M,0,0,1,314,4
1,Imre MARKOS,F,0,0,1,153,2
1,Placido GALINDO,M,0,0,1,160,2
